Customer_Age,Income,Family_Size,Existing_Policies,Claims_History,Risk_Score,Preferred_Coverage,Recommended_Policy
23,315827,1,3,4,10,1010000,Motor
58,1716956,4,1,1,10,5450000,Term Life
32,1847128,5,0,2,10,6380000,Motor
61,1003767,1,0,0,7,4780000,Home
20,768061,2,0,3,9,2330000,Health
60,907518,1,1,4,10,4960000,Travel
64,490714,2,3,3,10,2360000,Motor
52,287995,4,0,1,9,1660000,Motor
31,240658,1,2,2,8,1590000,Health
19,1700976,4,0,3,10,7240000,Motor
46,1631360,1,3,3,10,6180000,Home
21,520338,2,1,0,3,2280000,Term Life
43,1447155,2,2,3,10,4350000,Health
29,574016,1,2,4,10,2070000,Motor
19,1151463,2,0,2,7,7780000,Health
34,646288,3,3,1,7,2660000,Motor
52,900948,3,0,3,10,7180000,Term Life
27,1158037,4,2,4,10,4450000,Health
39,1500529,3,0,1,7,10420000,Home
58,268582,3,3,4,10,1750000,Travel
60,1965679,5,1,3,10,9060000,Home
38,637734,5,2,3,10,2970000,Travel
32,343775,5,3,2,10,2000000,Health
52,1822320,5,0,0,8,13230000,Term Life
38,779779,2,2,4,10,3850000,Travel
38,470187,4,0,0,6,1550000,Term Life
38,565356,4,0,0,6,2750000,Health
61,718943,3,1,1,10,2900000,Health
49,530484,4,0,1,9,4080000,Home
22,1389824,3,0,4,10,9010000,Home
56,597152,4,3,0,8,1940000,Term Life
26,1804038,1,0,2,7,8050000,Travel
35,1593352,1,1,0,4,5180000,Travel
38,550912,4,0,1,8,3940000,Health
25,832465,2,0,0,4,6270000,Motor
61,750197,3,0,3,10,2670000,Health
51,1292734,4,2,3,10,6720000,Travel
27,863726,3,1,2,8,6620000,Motor
58,416197,5,2,4,10,1550000,Term Life
41,1958273,4,1,0,6,8730000,Home
57,1045763,2,1,3,10,4730000,Health
41,968278,5,3,4,10,3050000,Health
49,927402,4,2,3,10,2950000,Home
50,1692716,1,1,4,10,13140000,Term Life
55,1670634,4,1,4,10,9780000,Home
61,872818,1,3,3,10,3960000,Travel
51,1335943,1,2,1,8,6540000,Travel
28,527526,4,0,4,10,3470000,Travel
48,1245144,4,3,0,7,6020000,Term Life
35,1322895,1,1,3,10,5480000,Motor
40,473314,3,2,1,8,1660000,Term Life
39,844240,5,1,3,10,5610000,Home
60,804433,2,3,2,10,3140000,Home
35,1468219,4,3,0,6,4920000,Home
57,1002640,5,2,2,10,5150000,Travel
64,890538,5,3,4,10,2850000,Health
58,410244,3,3,4,10,3210000,Health
64,864399,5,0,2,10,5300000,Motor
56,214990,4,1,2,10,810000,Health
37,861801,5,0,4,10,3330000,Health
30,1191725,4,0,1,7,6970000,Health
62,1765217,4,2,0,8,8440000,Motor
18,329327,1,3,3,8,2260000,Home
21,1065746,3,1,2,8,6110000,Health
41,1537582,2,1,0,5,7940000,Home
53,1669065,1,1,3,10,13040000,Home
53,854511,2,3,3,10,4230000,Health
62,403161,4,1,2,10,2020000,Health
19,1599509,1,1,1,4,10120000,Home
45,1600171,5,3,1,9,11280000,Home
43,317782,5,2,0,7,1950000,Motor
40,988797,2,1,0,5,6420000,Health
32,534348,4,3,4,10,2600000,Home
53,598216,2,0,1,8,3230000,Motor
44,1043504,3,3,0,6,4160000,Home
23,252499,5,0,4,10,1620000,Motor
52,1505599,1,3,3,10,6180000,Health
56,531355,1,1,0,6,1600000,Health
55,1392555,1,2,4,10,10680000,Health
52,348408,5,2,1,10,1580000,Travel
53,1080279,4,1,3,10,4300000,Term Life
27,907691,5,0,0,5,3940000,Health
47,571603,5,3,1,9,2660000,Term Life
58,1588475,1,1,3,10,8530000,Travel
55,530927,5,3,2,10,1780000,Health
46,925311,1,1,1,7,3020000,Home
60,1956445,4,1,2,10,8730000,Travel
56,992904,3,3,0,7,4450000,Home
21,1664172,1,2,4,10,5970000,Term Life
22,565296,2,2,0,3,2840000,Travel
21,1406928,3,0,1,6,6220000,Home
53,1401507,4,3,2,10,4390000,Motor
62,1478989,3,0,2,10,10990000,Motor
33,1690194,1,1,3,10,12560000,Home
42,1387910,4,0,0,6,5620000,Term Life
31,346626,2,1,0,4,1320000,Health
28,1779872,1,3,1,5,10210000,Motor
46,1329375,1,3,2,9,8180000,Health
51,435018,4,3,1,9,3390000,Travel
39,1199529,4,3,1,8,5860000,Health
31,1527873,3,0,2,9,9310000,Health
41,1307929,2,1,1,7,9670000,Health
56,776380,3,2,2,10,4080000,Health
43,443907,3,3,1,8,1600000,Home
60,1947088,1,3,4,10,9520000,Travel
53,1821968,4,1,1,9,6710000,Travel
56,355355,1,2,1,8,1100000,Travel
33,1688221,2,3,4,10,11410000,Health
55,1992470,3,2,0,7,8350000,Health
49,1172461,2,3,2,10,3530000,Motor
23,228887,4,0,3,10,1690000,Health
51,1687964,4,0,4,10,8810000,Motor
25,990787,5,2,0,5,4160000,Travel
47,1544421,2,1,1,8,6660000,Home
44,372606,1,1,0,5,1570000,Motor
24,451420,2,0,4,10,1790000,Term Life
44,1844306,3,1,1,8,13290000,Travel
42,1178778,4,1,0,6,4540000,Travel
63,736567,4,1,3,10,4280000,Motor
58,1947427,2,2,2,10,6600000,Health
32,845026,2,2,2,8,6550000,Term Life
42,1717939,2,1,4,10,10340000,Travel
39,863621,3,0,1,7,6490000,Motor
35,859834,3,1,1,7,4290000,Health
29,1864278,1,3,2,7,13150000,Motor
40,620141,2,0,0,5,4510000,Home
62,544318,1,2,1,9,3550000,Health
56,420079,5,3,3,10,1460000,Home
42,1777651,3,1,3,10,5480000,Travel
27,1491527,4,1,1,7,5730000,Health
47,404470,5,0,1,9,1450000,Motor
27,1962113,4,0,2,9,13000000,Motor
51,1554444,5,1,4,10,8990000,Travel
63,1783527,1,1,2,10,10040000,Home
30,609336,1,0,4,10,2600000,Term Life
46,1926676,3,3,3,10,7270000,Health
55,1743838,4,2,4,10,7030000,Motor
58,1381683,5,0,2,10,6910000,Home
62,824559,2,3,1,9,5530000,Travel
26,791676,2,1,4,10,3380000,Home
30,1300911,3,2,2,8,8450000,Travel
54,243315,4,3,3,10,1330000,Motor
31,1091354,2,2,4,10,8110000,Motor
54,1557347,3,2,3,10,6490000,Home
26,1650095,3,2,3,10,8670000,Travel
25,1751446,4,3,0,4,6100000,Motor
56,249334,2,3,4,10,1170000,Term Life
57,386964,2,1,2,10,2140000,Home
20,1440844,2,2,4,10,9600000,Travel
64,1288302,1,0,4,10,5140000,Health
57,1742233,2,0,3,10,7130000,Health
50,406823,5,0,3,10,2510000,Motor
49,1953542,1,3,3,10,9600000,Travel
24,972333,1,1,3,9,5260000,Travel
36,1017126,1,3,2,8,7300000,Motor
51,362325,1,2,1,8,1990000,Health
31,879590,3,0,0,5,5510000,Home
64,1433622,5,3,3,10,9010000,Health
63,1658717,4,0,3,10,11640000,Health
36,1835325,2,3,0,5,11360000,Term Life
43,989097,1,0,3,10,3290000,Term Life
34,489169,4,2,1,7,2300000,Health
45,616749,3,0,4,10,4900000,Home
36,1163401,4,2,0,6,4630000,Term Life
44,718982,1,2,2,9,4270000,Health
36,1531718,5,3,0,6,11050000,Motor
50,1236484,4,3,1,9,7340000,Term Life
24,523392,1,3,2,7,2540000,Term Life
46,1877357,1,2,4,10,6390000,Motor
60,485201,2,1,3,10,2330000,Motor
22,1852108,2,1,0,3,7240000,Health
47,1463256,5,2,2,10,11420000,Term Life
60,401703,2,2,0,7,2640000,Travel
25,559175,5,3,4,10,3770000,Term Life
59,1099145,3,3,0,7,5690000,Health
29,1878751,3,3,2,8,6670000,Travel
59,715728,2,1,1,9,3100000,Motor
30,267173,3,1,2,8,1150000,Motor
43,935566,4,2,0,6,5080000,Travel
35,1287310,4,1,4,10,6830000,Term Life
59,1834936,4,3,3,10,9480000,Home
37,657391,3,3,3,10,3600000,Motor
33,434046,4,3,4,10,3440000,Motor
54,394855,5,3,0,8,1770000,Travel
20,556338,1,3,4,10,3380000,Home
44,926099,2,0,0,5,3890000,Term Life
32,1466702,5,2,2,10,7820000,Term Life
51,644258,4,2,1,9,2580000,Motor
62,907717,1,1,0,7,5260000,Travel
39,1388317,2,3,3,10,6000000,Travel
57,1886136,5,0,3,10,6010000,Motor
40,1840766,2,3,1,7,13030000,Travel
21,1108679,3,3,0,4,4040000,Motor
58,1660702,4,1,1,10,8040000,Travel
40,1305535,5,0,2,10,7030000,Travel
64,820911,5,0,1,10,4240000,Home
26,855726,1,2,2,7,5670000,Motor
41,1821279,1,3,3,10,10900000,Term Life
38,324716,1,0,2,8,1450000,Home
58,1631929,2,2,0,7,5320000,Motor
63,209907,4,0,0,8,1440000,Term Life
33,1082257,2,3,0,4,5150000,Motor
42,1805644,4,2,0,6,13450000,Term Life
43,651095,5,0,4,10,3240000,Motor
62,1202663,2,1,2,10,7920000,Travel
26,1807949,2,0,0,4,13920000,Term Life
32,1707291,2,3,1,6,10680000,Travel
56,1165701,3,1,1,9,5910000,Travel
50,469629,4,0,4,10,2740000,Health
18,1560247,4,0,2,8,8920000,Health
22,1478208,2,2,2,7,8760000,Motor
26,980504,3,3,2,8,3660000,Health
61,291005,2,0,4,10,1890000,Travel
23,782816,4,0,2,8,2920000,Home
45,1221983,5,0,2,10,3760000,Health
62,1893495,3,3,0,8,11600000,Term Life
43,1538519,3,1,2,10,5510000,Term Life
45,1163843,2,3,0,6,7970000,Health
57,1649238,5,2,0,8,12090000,Travel
32,381532,4,2,2,9,2950000,Home
23,1605537,1,3,1,5,10150000,Health
44,1568980,4,0,3,10,8490000,Home
55,1394525,4,0,1,10,6640000,Home
21,459673,5,1,2,9,2510000,Travel
28,617939,3,3,2,8,2440000,Travel
38,1523663,4,3,1,8,7230000,Motor
47,603522,3,0,2,10,3980000,Health
35,367856,5,2,0,6,1500000,Motor
52,1760420,5,2,4,10,7610000,Travel
20,583545,2,1,2,7,3940000,Travel
29,1924391,1,1,2,7,7480000,Home
44,421099,5,2,1,9,1780000,Health
47,1975384,5,3,0,7,6100000,Term Life
38,1671766,3,1,1,7,11030000,Travel
55,1275947,5,0,1,10,7770000,Motor
38,1347322,4,3,2,10,8720000,Travel
55,1874112,2,0,0,6,7630000,Term Life
57,1121440,2,1,2,10,7220000,Motor
32,1937102,4,2,2,9,11590000,Health
35,487871,5,1,2,10,2360000,Term Life
46,838288,1,2,2,9,4350000,Travel
55,1312545,5,3,4,10,7660000,Motor
38,1670160,2,1,3,10,9130000,Health
34,792819,1,1,0,4,4920000,Motor
58,1811961,3,1,4,10,7080000,Home
35,1414632,3,3,3,10,8070000,Motor
54,1823723,5,0,3,10,9580000,Travel
55,1161795,5,0,3,10,6160000,Motor
29,1444876,1,2,4,10,7730000,Travel
28,685315,1,1,0,3,5080000,Term Life
37,877510,5,0,1,8,6220000,Travel
26,1139565,2,3,3,10,7010000,Term Life
18,431944,3,1,1,5,2840000,Health
20,1305366,1,2,1,4,4200000,Home
38,1002080,2,0,2,9,6730000,Term Life
40,1310355,5,3,1,8,7120000,Home
26,306371,4,3,2,9,1410000,Home
36,498816,1,2,0,4,1850000,Health
62,1579829,4,0,0,8,5330000,Home
63,234593,2,1,2,10,760000,Health
36,607002,3,3,0,5,2310000,Home
40,1735828,2,2,3,10,5470000,Motor
44,1131298,3,3,0,6,7540000,Term Life
44,1935359,2,3,2,9,8210000,Motor
56,1741272,1,0,3,10,8430000,Home
53,1007734,1,0,1,8,7170000,Travel
29,1440712,4,1,1,7,5150000,Home
44,417872,2,3,1,7,3000000,Health
63,547284,2,2,2,10,3390000,Term Life
51,1931771,4,3,1,9,9100000,Travel
50,535500,5,2,0,8,1920000,Motor
45,773570,2,3,1,8,2670000,Health
48,852739,2,2,4,10,3990000,Travel
49,1107779,2,3,4,10,4100000,Motor
37,908074,5,3,1,8,3940000,Travel
57,1970971,1,1,1,8,6430000,Travel
52,223814,4,0,4,10,1340000,Home
48,355161,5,0,1,9,1320000,Motor
48,649047,3,2,3,10,4400000,Health
55,1330249,3,3,4,10,5440000,Travel
39,1824804,5,3,2,10,12760000,Travel
62,286796,5,0,4,10,1130000,Health
58,1285052,1,2,0,6,8490000,Health
26,857129,3,1,3,10,4000000,Term Life
26,504422,4,1,2,9,2980000,Home
32,1426642,2,1,1,6,4560000,Travel
30,960395,2,3,0,4,5260000,Term Life
39,326259,1,2,0,4,1220000,Travel
33,1652757,1,0,3,10,8980000,Motor
49,1038628,3,3,2,10,3850000,Health
19,1609399,4,3,0,4,8350000,Health
43,1427933,4,1,2,10,5070000,Travel
31,1117293,5,2,2,10,4580000,Home
55,1435147,1,2,0,6,8580000,Home
51,743708,2,1,2,10,5860000,Home
25,1404884,2,1,3,10,7370000,Health
53,992650,3,1,0,7,6390000,Term Life
38,324283,2,3,3,10,1850000,Term Life
63,643108,4,3,3,10,3530000,Motor
60,929391,4,3,2,10,3090000,Home
45,430461,1,0,2,9,1600000,Health
63,1836921,3,0,0,8,13620000,Motor
61,1980843,2,2,1,9,10000000,Home
23,414202,1,1,0,3,2510000,Travel
37,342298,5,1,3,10,1930000,Motor
48,847396,5,3,2,10,4150000,Motor
50,1169775,2,0,3,10,5780000,Home
61,996478,2,1,4,10,5760000,Term Life
24,446027,2,2,4,10,1650000,Home
25,1103894,4,1,3,10,5450000,Health
26,237117,2,3,1,6,1240000,Travel
19,1378556,5,3,1,6,10930000,Home
34,1122469,2,0,0,4,5340000,Travel
62,1229300,3,2,0,8,7650000,Health
54,1458520,5,2,0,8,5380000,Motor
59,388349,3,1,2,10,1290000,Motor
61,1989315,5,2,1,10,14640000,Health
34,1701405,1,1,3,10,11320000,Health
55,741661,5,1,4,10,3400000,Motor
52,245452,5,0,1,10,1360000,Motor
64,1429737,3,2,1,10,5260000,Term Life
56,1255230,3,3,1,9,8200000,Home
47,1148784,5,1,0,7,3850000,Term Life
23,1435789,5,1,2,9,9740000,Health
21,323319,4,1,3,10,1850000,Home
54,1092078,1,2,0,6,4800000,Health
52,419015,1,2,2,10,3060000,Health
26,1709686,2,2,1,6,13560000,Motor
23,1867106,5,1,2,9,7980000,Health
30,1123864,5,3,0,6,7900000,Term Life
39,778256,5,3,1,8,5250000,Term Life
45,859103,5,2,0,7,5790000,Term Life
47,1648951,1,3,3,10,12840000,Travel
53,363223,3,1,1,9,1970000,Health
19,331590,4,2,2,8,2110000,Home
53,478796,3,2,0,7,3410000,Travel
25,1720253,3,1,4,10,9290000,Travel
62,1885978,1,2,2,10,10200000,Term Life
59,445615,4,1,2,10,2050000,Home
26,975492,5,2,1,7,6730000,Motor
18,1188515,1,3,2,6,7640000,Term Life
30,1613209,1,2,0,4,8480000,Travel
32,434537,4,2,4,10,2210000,Term Life
49,1421996,2,2,3,10,4780000,Travel
51,930782,1,0,4,10,2820000,Motor
60,1325577,3,3,0,8,7480000,Motor
48,1760345,3,1,1,8,8960000,Home
31,276757,5,0,0,6,1930000,Term Life
64,1797259,1,3,2,10,10270000,Travel
31,333407,5,2,1,8,2560000,Motor
46,1874842,1,2,3,10,7460000,Health
64,1711904,4,1,3,10,13610000,Home
36,444348,1,1,0,4,1990000,Term Life
44,855860,2,3,2,9,5320000,Home
26,1897405,3,3,3,10,10450000,Term Life
54,1471859,4,1,4,10,7060000,Motor
54,568742,3,3,1,9,2100000,Home
60,412328,5,1,4,10,1510000,Motor
45,598759,4,2,3,10,3930000,Home
41,1234938,2,1,3,10,6040000,Travel
45,907597,3,0,0,6,7090000,Health
53,1606891,1,1,0,6,7440000,Health
35,1893287,1,1,1,6,14990000,Term Life
42,945076,1,0,0,5,3810000,Term Life
52,730901,4,0,2,10,2570000,Motor
21,1096465,2,0,1,5,5000000,Home
31,1446511,2,0,2,8,10740000,Term Life
56,1158044,2,1,0,7,6500000,Motor
43,1062634,3,3,1,8,3910000,Term Life
25,1770925,4,0,3,10,7110000,Home
41,285666,1,2,4,10,1300000,Motor
33,746356,3,1,3,10,4440000,Travel
37,1035489,2,3,2,9,4830000,Term Life
32,1005378,1,2,3,10,6770000,Health
24,875907,4,1,3,10,5330000,Home
34,809525,5,1,4,10,5970000,Health
39,1234628,2,2,4,10,6800000,Health
39,467913,2,0,3,10,2180000,Health
29,1928819,2,0,4,10,15390000,Home
35,1834204,2,2,3,10,8760000,Motor
63,1327775,1,3,1,9,6830000,Home
64,1352798,4,0,3,10,9530000,Health
32,1233281,3,1,0,5,4250000,Motor
54,433931,1,1,4,10,2140000,Motor
33,366234,4,3,4,10,1260000,Travel
22,681604,3,1,2,8,2520000,Health
19,233434,2,0,2,7,710000,Motor
45,1008534,4,3,0,6,3070000,Motor
58,1270112,2,0,4,10,6230000,Health
44,1981827,4,3,4,10,13960000,Motor
48,923130,5,2,2,10,5480000,Motor
58,1353215,2,1,2,10,8360000,Health
53,643604,2,3,3,10,3600000,Travel
64,1823639,2,2,4,10,12950000,Term Life
60,755435,1,0,4,10,5590000,Term Life
18,1561246,3,2,3,9,11320000,Health
46,1403307,2,0,4,10,9910000,Home
18,304663,2,3,0,3,1190000,Motor
25,1986032,1,3,2,7,11860000,Motor
33,1634953,1,1,2,8,9660000,Home
45,223088,5,1,2,10,1260000,Travel
39,1317040,4,3,1,8,7120000,Health
35,1046430,2,0,0,4,3610000,Term Life
39,1538904,4,0,0,6,5400000,Term Life
58,351171,1,3,3,10,2640000,Health
29,1187314,1,0,1,5,7300000,Travel
36,1994442,5,3,4,10,8600000,Motor
42,1995216,3,1,0,6,8770000,Term Life
22,1286315,1,0,1,5,7780000,Term Life
51,1388037,2,1,1,8,6990000,Motor
56,217352,5,2,0,8,1130000,Term Life
27,326788,3,1,3,10,1080000,Term Life
64,614364,5,2,1,10,2270000,Travel
24,1804692,1,1,2,7,8960000,Travel
54,792328,3,1,1,9,5150000,Home
64,1176124,4,0,4,10,3810000,Term Life
32,1604999,3,1,0,5,7500000,Travel
59,1343006,2,3,4,10,8700000,Home
41,650330,4,0,3,10,4530000,Health
43,1158215,4,0,2,10,4580000,Home
43,840245,2,0,0,5,5590000,Motor
63,742036,4,1,1,10,5770000,Home
43,1861500,1,0,2,9,14020000,Travel
27,1937627,3,2,1,6,13460000,Travel
34,315158,3,2,3,10,2070000,Home
31,1468165,2,1,0,4,6130000,Health
19,1444930,1,0,3,8,8910000,Health
30,915720,4,3,3,10,5690000,Home
44,1520966,3,3,3,10,7660000,Home
26,441851,3,2,3,10,2410000,Health
24,259395,3,1,1,6,1680000,Health
27,1936422,3,1,4,10,15030000,Motor
26,1672132,5,1,1,7,7490000,Motor
39,1202378,2,1,2,9,5090000,Home
40,1561020,4,1,3,10,9380000,Motor
24,1644878,4,0,2,8,6010000,Health
26,422143,2,0,1,6,2500000,Health
44,986401,1,0,3,10,3400000,Health
41,1001292,2,3,1,7,5460000,Term Life
46,741301,3,0,3,10,4520000,Term Life
34,600623,3,1,1,7,2010000,Motor
37,1806406,2,1,0,5,7290000,Home
24,1273511,2,3,4,10,5960000,Motor
60,700229,4,3,4,10,3390000,Health
57,773367,4,2,3,10,4930000,Motor
24,234111,5,3,0,5,1320000,Term Life
45,1042982,5,2,2,10,5120000,Travel
36,406769,3,0,0,5,2140000,Home
37,682333,5,1,3,10,2090000,Term Life
61,1739605,5,2,0,9,11920000,Motor
56,418008,1,2,2,10,1340000,Term Life
57,240565,2,2,3,10,1720000,Travel
24,1267859,4,3,4,10,7230000,Motor
23,1479938,5,3,0,5,8350000,Motor
42,811204,4,3,4,10,5290000,Travel
58,1328128,5,2,4,10,9690000,Motor
30,1238734,5,0,1,8,9550000,Travel
56,238233,3,1,2,10,1360000,Term Life
57,1769986,1,3,0,6,6640000,Travel
39,484839,2,0,4,10,3580000,Motor
34,1207992,2,3,4,10,3870000,Travel
39,1899304,3,3,2,9,13360000,Health
51,373806,3,2,4,10,2390000,Travel
25,543401,2,2,4,10,4090000,Travel
62,987937,2,3,4,10,7400000,Motor
35,1166212,1,1,4,10,3810000,Travel
41,505758,5,3,1,9,3060000,Term Life
59,1249586,1,1,1,8,4530000,Travel
19,444300,2,0,3,9,1510000,Home
19,1753578,5,3,0,4,9190000,Motor
44,1903424,2,1,2,9,6640000,Term Life
31,350933,1,0,3,10,2330000,Travel
56,1665917,1,0,1,8,13070000,Motor
29,979470,1,2,1,5,5730000,Term Life
49,864729,5,0,1,9,3610000,Travel
45,882031,4,2,3,10,6360000,Home
45,1192904,4,0,1,8,8670000,Term Life
63,1313088,2,0,3,10,8750000,Health
42,1346602,5,1,1,9,8180000,Motor
21,1324232,3,1,4,10,9720000,Travel
43,1989695,4,2,4,10,7590000,Travel
53,559830,5,3,0,8,4290000,Motor
20,1423786,5,1,1,6,11010000,Home
18,1433068,4,0,0,4,10550000,Term Life
34,1185593,5,2,3,10,5040000,Term Life
24,477633,5,2,0,5,3480000,Motor
22,259789,4,2,1,6,1430000,Health
36,1842789,1,0,3,10,11010000,Travel
56,1560423,2,1,3,10,11240000,Travel
63,1729278,3,3,4,10,5440000,Health
51,1325201,2,2,3,10,6380000,Health
52,1962164,1,0,3,10,13890000,Home
33,721564,1,1,0,4,5100000,Term Life
57,727339,5,1,3,10,5270000,Travel
64,369162,2,3,2,10,1420000,Travel
56,1801669,1,2,4,10,11760000,Home
44,1867842,2,0,4,10,6970000,Travel
58,1030989,1,1,3,10,7140000,Health
55,595771,3,0,0,7,2520000,Motor
42,1823105,1,1,4,10,12190000,Term Life
43,1195807,2,2,4,10,6310000,Term Life
31,1376414,5,2,2,10,10920000,Motor
31,790282,2,3,3,10,4660000,Home
31,576149,4,1,4,10,3550000,Health
42,1002498,2,0,4,10,4850000,Term Life
53,860081,3,1,4,10,5740000,Motor
21,992736,3,0,4,10,5430000,Term Life
64,1491517,3,3,0,8,4610000,Travel
32,1815831,1,1,1,6,10970000,Travel
49,955584,3,2,2,10,6830000,Health
35,540907,2,0,0,4,2260000,Travel
31,1844698,5,2,2,10,7570000,Term Life
18,573167,3,3,4,10,3460000,Motor
59,842059,2,3,2,10,5970000,Motor
37,275842,1,0,3,10,1170000,Home
27,202589,1,1,3,9,1550000,Motor
27,587167,5,2,1,7,4480000,Health
41,1678870,5,2,1,9,6720000,Home
51,1480193,2,0,2,10,6390000,Home
45,254918,5,0,0,7,1660000,Home
44,207711,5,0,0,7,1610000,Home
57,1466548,1,3,4,10,9610000,Home
18,521574,2,3,0,3,2720000,Travel
50,918687,5,2,1,10,3530000,Health
21,1478890,2,1,0,3,7850000,Home
24,950506,3,0,4,10,5740000,Term Life
26,1089037,1,3,3,9,5070000,Motor
33,1776834,1,1,0,4,9860000,Term Life
22,458989,1,0,0,3,1680000,Term Life
51,1580255,4,1,1,9,8310000,Travel
40,1073002,2,0,2,9,3710000,Health
60,321315,3,1,3,10,1040000,Travel
42,1153680,5,2,2,10,8410000,Term Life
30,1622831,3,0,4,10,6530000,Home
41,503874,2,0,4,10,2960000,Home
28,1723960,1,2,2,7,6460000,Home
34,1917321,4,0,1,7,8270000,Home
54,1371828,2,0,1,8,6590000,Travel
30,1385598,2,3,1,6,5150000,Travel
44,1453159,5,2,3,10,4690000,Motor
37,1170513,3,3,4,10,8650000,Travel
50,1204354,3,2,4,10,3680000,Motor
59,1142781,5,1,4,10,3780000,Home
49,882121,4,2,3,10,6200000,Term Life
25,395507,1,2,4,10,1740000,Motor
46,263944,1,3,2,9,1750000,Motor
57,665718,4,0,0,8,2480000,Home
36,1356013,5,2,3,10,5680000,Health
23,1375370,2,0,0,3,8070000,Term Life
61,534267,3,2,2,10,4240000,Travel
56,485024,2,3,1,9,1630000,Health
58,1188131,3,2,1,9,5940000,Home
38,1683545,2,1,1,7,5410000,Health
39,1214170,5,2,3,10,4850000,Travel
59,1074261,5,2,1,10,8100000,Term Life
27,856921,4,0,3,10,2980000,Health
27,253205,2,0,3,10,1840000,Health
46,306948,2,1,0,6,1190000,Travel
33,1570530,4,2,1,7,11480000,Health
18,575233,4,0,4,10,3270000,Motor
34,1837346,5,2,1,8,13580000,Home
47,1579912,5,3,1,9,5940000,Travel
43,811442,2,3,1,7,5530000,Travel
63,1858930,5,1,4,10,11900000,Travel
36,418480,5,3,4,10,2390000,Health
38,715985,2,0,3,10,5050000,Home
34,1932266,4,0,4,10,12060000,Home
63,1657931,2,1,3,10,12240000,Health
57,328514,1,2,0,6,1610000,Term Life
38,1019409,2,0,3,10,6070000,Home
58,204983,1,3,1,8,1510000,Home
57,895269,2,0,2,10,3650000,Home
62,1225926,1,1,2,10,6660000,Travel
36,1444128,1,3,1,6,11270000,Motor
24,1559749,2,3,3,9,8370000,Travel
34,1925265,5,3,1,8,8210000,Motor
18,1895532,3,1,4,10,9010000,Term Life
54,367806,5,1,3,10,2730000,Home
23,929714,1,2,1,5,7230000,Term Life
43,1456102,2,2,4,10,11290000,Motor
19,1487602,2,2,4,10,9660000,Term Life
49,841800,2,1,3,10,4670000,Travel
22,266786,2,3,0,3,1040000,Motor
54,466902,3,3,0,7,1690000,Motor
48,1613387,4,0,4,10,5320000,Motor
29,1709491,1,2,0,3,5280000,Motor
52,1880983,3,3,4,10,13900000,Term Life
47,1610877,5,3,0,7,11350000,Term Life
23,282673,4,3,4,10,1650000,Travel
32,1608359,4,3,4,10,12860000,Home
32,352904,2,1,4,10,2740000,Home
33,1119372,3,2,4,10,7020000,Motor
37,459111,5,3,2,10,2440000,Term Life
30,839157,2,3,0,4,3160000,Home
61,1692457,2,3,4,10,9440000,Motor
59,1493520,1,3,1,8,5660000,Travel
63,635078,4,0,3,10,3170000,Term Life
48,481872,5,3,1,9,3720000,Home
51,633073,4,3,1,9,2980000,Health
46,1669975,3,3,2,10,6290000,Travel
20,681537,1,0,0,2,4030000,Home
26,1660732,2,1,2,8,9980000,Motor
28,849307,1,0,0,3,3370000,Motor
28,1647072,2,3,4,10,6560000,Term Life
42,1351124,1,1,2,9,10740000,Health
39,595380,2,3,3,10,2510000,Health
59,1632009,4,1,0,8,11740000,Health
63,685940,4,3,2,10,3670000,Term Life
26,1639788,4,3,3,10,8490000,Motor
37,541768,4,1,1,8,2420000,Health
38,1922341,1,1,4,10,13200000,Motor
27,1775685,2,3,4,10,13150000,Health
39,517234,4,0,1,8,2230000,Motor
46,1664308,1,0,2,9,5780000,Term Life
26,1422178,2,0,1,6,5240000,Travel
22,1352849,1,0,3,9,9420000,Health
57,456196,4,1,0,8,2360000,Travel
28,423626,3,1,2,8,1550000,Travel
18,410704,1,0,0,2,1930000,Travel
59,436579,4,2,1,10,2430000,Motor
18,1142302,5,2,4,10,8290000,Home
56,594079,2,2,0,7,3690000,Health
63,740436,4,3,0,8,2870000,Travel
22,286545,5,0,4,10,1090000,Term Life
39,1303035,1,3,0,4,6600000,Motor
43,938705,1,1,0,5,3170000,Motor
23,528333,5,1,4,10,3580000,Travel
49,1765831,5,2,4,10,8840000,Home
28,601345,2,2,1,6,2840000,Motor
27,291954,1,1,1,5,1620000,Motor
64,1904379,5,2,0,9,12460000,Home
56,1144545,3,2,2,10,6690000,Travel
51,813667,3,1,1,9,5710000,Travel
48,483197,5,3,1,9,2970000,Term Life
29,1082816,2,2,2,8,7510000,Home
61,696626,1,3,2,10,4520000,Health
33,1416852,3,2,4,10,5620000,Health
55,1946176,5,0,1,10,6350000,Motor
20,432415,5,3,3,10,3250000,Health
19,1113107,4,3,3,10,8600000,Travel
22,1604469,5,2,0,5,10650000,Motor
28,654318,2,3,1,6,4330000,Term Life
42,1387939,3,0,3,10,6040000,Health
52,478429,4,1,1,9,2730000,Travel
52,1209926,3,0,1,9,9630000,Travel
39,523733,3,1,3,10,3810000,Health
54,213944,2,0,1,8,970000,Home
39,825329,5,0,2,10,3720000,Term Life
28,1081993,2,3,0,4,5860000,Health
49,1827255,5,0,4,10,9180000,Home
52,201607,4,2,3,10,980000,Travel
48,1508890,2,2,4,10,9260000,Term Life
62,1251529,2,2,0,7,3830000,Health
25,1817805,1,2,2,7,12390000,Term Life
37,1975405,2,3,2,9,13240000,Travel
59,1194426,1,2,2,10,8540000,Travel
51,1048115,5,0,2,10,7550000,Home
21,1755317,5,2,3,10,10240000,Term Life
35,1974154,5,3,3,10,13620000,Travel
21,1230661,1,1,1,5,6720000,Travel
37,1096020,5,0,1,8,8500000,Home
26,1238525,3,0,0,4,4900000,Motor
33,1521874,2,3,1,6,11530000,Travel
43,1111974,1,1,0,5,4770000,Travel
55,1912983,5,2,0,8,6720000,Health
42,1861393,3,1,0,6,9670000,Home
21,1455522,2,0,2,7,8840000,Motor
58,1787187,2,0,4,10,7430000,Term Life
62,1548413,5,0,4,10,8950000,Travel
58,914090,3,1,3,10,6430000,Home
55,1509668,1,2,0,6,6470000,Travel
36,551314,5,0,2,10,3250000,Motor
31,1668084,2,3,1,6,7830000,Motor
38,1745879,2,2,1,7,9860000,Term Life
32,769399,2,0,3,10,4870000,Motor
20,1192957,5,2,3,10,5670000,Term Life
54,668897,4,3,0,7,5330000,Travel
63,1474901,4,1,0,8,8580000,Motor
33,501635,4,0,1,7,3570000,Travel
31,1822200,3,3,1,7,12070000,Home
26,1265481,5,0,1,7,9190000,Term Life
64,1278849,2,0,1,9,4950000,Term Life
24,1373767,3,1,4,10,5650000,Home
31,1626656,4,1,0,5,8840000,Home
23,1405882,1,2,0,3,10210000,Health
38,1458533,3,3,1,7,5820000,Term Life
32,266538,3,3,2,9,2090000,Term Life
25,1353146,5,1,1,7,4920000,Motor
51,887933,3,0,3,10,3440000,Health
57,462025,5,2,2,10,1770000,Motor
18,1631852,1,1,3,8,9680000,Home
49,395392,2,2,2,10,3000000,Travel
22,1377569,2,2,3,9,5890000,Term Life
47,997762,4,3,1,9,5750000,Travel
39,1471688,4,2,1,8,5710000,Health
37,1460164,1,3,2,8,8990000,Motor
33,1945289,2,0,3,10,7030000,Motor
24,347083,4,0,4,10,1890000,Travel
24,1332113,3,1,2,8,8360000,Health
19,785273,5,0,2,8,4630000,Motor
64,1789908,4,3,0,8,6620000,Motor
31,631508,1,2,2,8,2400000,Travel
48,846592,2,2,4,10,5380000,Home
58,336322,1,0,1,8,2370000,Term Life
31,458116,5,3,3,10,3450000,Home
22,233087,5,2,0,5,1650000,Term Life
28,1324528,1,0,3,9,10420000,Travel
57,1994631,4,3,1,10,10060000,Health
22,236368,4,3,2,8,1100000,Travel
46,1893512,2,2,4,10,5950000,Travel
28,1057247,2,1,0,4,5550000,Home
22,1339269,3,1,4,10,8380000,Travel
49,1702832,3,3,4,10,12050000,Home
53,783188,2,3,4,10,3400000,Travel
32,1627206,3,0,4,10,9060000,Home
36,900526,1,3,1,6,5680000,Home
39,422182,4,0,4,10,2430000,Travel
51,356405,3,0,4,10,1560000,Motor
34,1870663,3,0,1,7,13060000,Home
29,331016,1,3,3,9,1280000,Health
42,1477723,5,3,1,9,11120000,Motor
34,1861121,2,0,2,8,14450000,Health
27,248070,1,2,1,5,1200000,Travel
45,600337,5,3,3,10,2930000,Motor
35,870037,1,1,2,8,5840000,Travel
35,911921,4,2,2,10,4820000,Travel
62,1214281,1,1,0,7,3820000,Home
49,1723701,1,3,4,10,13100000,Travel
31,1073841,4,2,2,9,5530000,Home
33,1286240,2,3,2,8,5170000,Term Life
35,1116358,5,3,3,10,6450000,Motor
33,1756610,3,2,2,9,7190000,Motor
34,1139947,2,3,3,10,4590000,Motor
24,1747053,1,2,4,10,10010000,Motor
29,511356,3,3,0,4,2530000,Home
51,1201635,4,0,0,7,7050000,Motor
27,1323852,2,1,4,10,10570000,Travel
22,265231,5,0,4,10,1930000,Term Life
38,1881141,2,3,1,7,5720000,Motor
20,1418692,2,3,2,7,4610000,Home
36,1532467,3,3,2,9,9270000,Term Life
62,961816,4,0,2,10,5900000,Term Life
61,1715301,4,3,3,10,12680000,Health
52,1671921,2,2,1,8,10270000,Travel
23,1510757,4,1,2,8,6250000,Health
31,297847,3,3,3,10,1590000,Home
21,1876606,3,3,3,10,13220000,Travel
62,977725,5,1,0,9,7440000,Home
35,248503,4,1,3,10,1040000,Term Life
46,1014639,5,1,4,10,5780000,Home
52,702376,1,0,3,10,2670000,Motor
55,1543961,3,0,4,10,8470000,Motor
33,1606891,2,3,4,10,5540000,Term Life
37,1918770,3,1,0,5,14790000,Term Life
41,1722905,1,3,0,5,10670000,Home
52,459966,2,3,3,10,3340000,Home
61,1103734,4,3,0,8,8820000,Motor
36,1931126,4,0,0,6,7560000,Motor
21,272832,3,1,2,8,1770000,Home
50,1532103,2,3,3,10,11390000,Term Life
19,586435,2,0,3,9,3450000,Health
30,963389,5,2,3,10,5970000,Home
62,989106,1,2,0,7,4980000,Motor
47,1624820,4,3,0,7,10360000,Term Life
51,1620089,3,3,4,10,8060000,Travel
47,1795684,2,1,1,8,9670000,Home
41,1988976,4,1,1,8,6990000,Home
61,1667458,3,3,1,10,5070000,Motor
50,1292370,4,0,2,10,4230000,Home
58,1119580,3,3,0,7,4440000,Home
27,1377120,4,1,4,10,7280000,Term Life
35,237555,5,1,4,10,740000,Motor
36,1959144,1,0,1,6,7400000,Travel
24,1018838,4,3,2,8,7040000,Home
36,1703364,1,1,2,8,11600000,Term Life
41,240262,4,3,1,8,1670000,Motor
32,942021,2,1,1,6,7170000,Home
58,1665008,5,2,0,8,5990000,Motor
59,661333,5,2,2,10,2520000,Motor
40,1985072,1,2,4,10,9270000,Travel
21,492428,2,1,1,5,3730000,Travel
55,875531,3,0,0,7,6020000,Motor
21,623751,5,2,4,10,2880000,Motor
22,289023,2,1,2,7,990000,Motor
58,407012,2,3,1,9,2480000,Term Life
61,364772,1,2,1,9,1560000,Health
40,1725375,2,0,0,5,9760000,Home
57,1290092,2,0,0,7,9950000,Travel
54,1526297,3,0,2,10,8950000,Term Life
28,1207338,1,3,1,5,9200000,Travel
28,455623,1,3,0,3,2260000,Travel
30,739303,2,0,1,6,4560000,Term Life
31,291104,3,0,2,9,2170000,Home
25,1625132,4,0,1,6,9650000,Travel
42,553884,5,3,4,10,3360000,Travel
35,1663028,1,3,1,6,10950000,Health
61,528784,3,1,3,10,3920000,Home
61,1856054,3,2,3,10,6390000,Home
35,1378092,2,3,2,8,6460000,Term Life
27,1163208,5,0,2,9,5800000,Health
24,1422017,1,2,2,7,10730000,Motor
61,1907582,4,3,4,10,14840000,Travel
31,1335583,2,2,4,10,4810000,Home
32,1929842,1,1,1,6,6940000,Travel
33,942003,1,3,0,4,7230000,Term Life
19,247728,3,0,3,9,1110000,Home
47,1001310,5,0,3,10,4210000,Health
47,709958,4,1,3,10,2260000,Travel
35,1115357,5,1,1,8,4880000,Health
48,1257721,3,1,1,8,8130000,Term Life
61,1861442,4,1,2,10,9550000,Home
30,218226,4,1,0,5,1220000,Term Life
37,1513522,2,3,2,9,11480000,Term Life
52,748407,4,3,1,9,2670000,Travel
40,1312136,1,2,4,10,4400000,Home
59,257353,5,1,2,10,1870000,Home
50,1494317,5,0,1,10,10270000,Motor
55,1996657,2,0,1,8,8620000,Term Life
52,585145,4,1,4,10,2700000,Term Life
53,1703918,3,1,4,10,7760000,Term Life
37,795929,1,1,4,10,4970000,Term Life
20,251712,2,1,0,3,830000,Home
25,645405,4,1,1,6,3520000,Home
57,1175288,3,0,4,10,4310000,Home
49,1902949,4,2,0,7,13510000,Home
46,530429,2,1,3,10,2600000,Home
24,315278,3,1,3,10,1780000,Term Life
19,709272,3,1,3,9,2230000,Travel
38,1946885,3,3,1,7,6410000,Health
23,365201,3,0,0,4,2330000,Health
45,1010944,4,0,0,6,6910000,Term Life
59,1874941,3,2,3,10,12280000,Motor
53,934391,4,3,2,10,6250000,Home
49,656770,3,3,3,10,2310000,Travel
62,1512784,3,3,1,10,9780000,Travel
59,819902,2,2,3,10,3200000,Health
63,1431215,4,2,3,10,5000000,Term Life
26,317639,4,2,0,5,2160000,Health
28,1540731,5,3,3,10,11470000,Home
40,1581872,2,0,4,10,10410000,Term Life
28,928871,4,3,4,10,6530000,Travel
19,210960,2,2,2,7,1680000,Health
20,686744,2,3,1,5,2520000,Home
28,1370365,2,1,1,6,10720000,Motor
52,521064,1,3,0,6,3130000,Term Life
32,1007819,4,3,1,7,7120000,Motor
60,608540,2,0,2,10,3800000,Travel
28,788248,1,0,4,10,4610000,Health
48,322994,1,0,0,5,2110000,Travel
45,1543348,3,1,4,10,7100000,Motor
45,1107701,3,0,2,10,8440000,Travel
49,930456,4,1,0,7,3330000,Travel
42,1027530,3,2,3,10,4720000,Health
37,1712251,4,0,1,8,5400000,Health
45,894595,1,3,2,9,3900000,Term Life
42,1597581,1,3,0,5,6540000,Motor
28,227949,4,1,4,10,740000,Term Life
36,1402469,3,0,0,5,7660000,Health
45,1451260,3,3,3,10,7750000,Term Life
18,1139536,4,2,2,8,3860000,Motor
22,535681,5,0,0,5,2310000,Term Life
27,1657095,3,2,2,8,12870000,Home
59,578147,2,3,2,10,2050000,Motor
63,1461641,3,0,4,10,6610000,Term Life
51,1224483,5,1,1,10,3890000,Home
53,1654095,1,3,3,10,6190000,Home
19,774989,1,2,0,2,5040000,Health
35,1036943,1,0,1,6,5010000,Home
30,280664,3,2,4,10,1480000,Term Life
22,611496,1,2,1,5,2310000,Home
37,1288003,5,1,2,10,8260000,Health
19,297180,5,1,2,8,2010000,Travel
28,827838,3,3,3,10,3230000,Motor
47,1326528,2,1,0,6,4280000,Motor
49,266046,3,1,0,6,910000,Travel
49,306918,1,3,4,10,1930000,Motor
55,1578162,3,3,3,10,5800000,Health
45,1703463,5,3,0,7,9320000,Travel
27,815358,3,3,2,8,3070000,Home
39,1831032,3,2,3,10,7050000,Term Life
34,1034754,2,2,1,6,3130000,Health
39,1199488,5,3,3,10,5520000,Travel
60,1155200,4,3,3,10,3980000,Motor
36,1318822,4,0,0,6,6550000,Term Life
34,1227348,5,0,4,10,7350000,Health
41,1942828,4,0,4,10,9400000,Home
53,739871,1,1,0,6,4830000,Term Life
49,1593440,4,2,0,7,10690000,Travel
63,648431,1,2,0,7,4200000,Term Life
53,1928789,5,0,4,10,14820000,Term Life
45,599325,4,0,0,6,2510000,Health
31,1487861,4,2,1,7,5870000,Term Life
53,521901,1,1,1,8,3160000,Motor
23,993091,1,0,2,7,5930000,Term Life
26,1511958,3,3,1,6,8390000,Travel
38,845558,2,0,3,10,2560000,Term Life
29,1105643,4,2,2,9,6390000,Health
47,215064,2,2,1,8,1650000,Travel
48,1410763,2,0,3,10,6590000,Motor
57,1935888,4,0,1,10,15170000,Term Life
21,1909556,1,3,3,9,9130000,Motor
48,1872654,3,3,0,6,6930000,Motor
44,1089417,5,1,3,10,5440000,Motor
42,1292834,4,1,0,6,7080000,Home
22,859830,4,3,3,10,5290000,Home
23,1139507,5,1,3,10,6300000,Travel
22,1011100,2,1,1,5,5750000,Motor
44,1587979,3,0,3,10,4960000,Motor
25,836480,2,3,1,6,3570000,Term Life
26,1607296,5,0,3,10,7320000,Motor
32,829769,5,0,4,10,6580000,Travel
53,1411694,3,1,2,10,6320000,Health
58,1450625,5,0,1,10,10850000,Health
24,670471,5,2,1,7,3030000,Health
49,205397,3,1,0,6,710000,Motor
25,1086357,4,2,4,10,4600000,Travel
64,807769,2,1,0,7,3530000,Motor
32,353305,4,0,4,10,2790000,Home
54,1725128,4,1,4,10,10990000,Health
36,1571028,2,2,3,10,12030000,Travel
56,1449374,4,1,0,8,10400000,Term Life
23,656435,3,2,2,8,3870000,Motor
36,1745150,2,3,4,10,11130000,Travel
45,725418,1,0,4,10,4440000,Home
34,1897157,4,2,1,7,12010000,Travel
59,738359,5,3,3,10,3190000,Term Life
36,572384,2,0,2,9,2890000,Motor
48,726406,1,3,4,10,4330000,Term Life
28,1904599,5,2,1,7,6060000,Term Life
32,1310984,1,0,0,4,7100000,Travel
27,1300362,4,3,4,10,9490000,Term Life
60,805559,5,2,1,10,4400000,Travel
40,219158,4,3,0,6,1260000,Home
20,288114,5,0,3,10,1160000,Travel
20,908481,2,0,0,3,6330000,Health
35,721358,3,0,4,10,3460000,Motor
42,744162,3,2,2,10,5790000,Term Life
60,439139,1,3,0,6,3500000,Motor
37,1069875,5,3,2,10,8110000,Travel
46,1813685,4,2,2,10,6210000,Home
39,1888539,2,0,0,5,8810000,Term Life
32,1571302,2,1,3,10,12140000,Term Life
56,322603,2,0,0,7,2270000,Home
27,1182207,3,1,1,6,8930000,Health
38,1663497,4,0,2,10,9750000,Term Life
46,1842245,2,2,4,10,9950000,Motor
49,697821,2,1,2,10,2470000,Term Life
27,1641525,1,2,4,10,11810000,Health
30,1424301,5,1,1,8,9580000,Travel
64,1068450,5,3,1,10,3520000,Health
40,1087024,5,1,1,8,4400000,Health
40,1078058,1,1,0,4,6240000,Health
48,1859081,3,1,2,10,11940000,Term Life
21,978873,1,3,4,10,3610000,Motor
20,1149756,2,2,1,5,4860000,Travel
38,666548,4,3,1,8,2640000,Motor
19,534943,2,1,4,10,2190000,Motor
21,524329,2,0,2,7,3990000,Health
18,1720105,4,3,2,8,11320000,Home
32,503682,5,0,4,10,3370000,Home
50,698905,1,3,3,10,4870000,Home
23,1460046,3,3,2,8,6980000,Travel
24,1683024,2,1,4,10,11510000,Health
36,320026,2,2,4,10,2530000,Health
61,434257,3,2,1,10,2820000,Motor
18,1301682,1,1,4,10,6620000,Term Life
56,1329803,2,3,0,7,8750000,Health
36,646295,3,2,1,7,4850000,Motor
62,880388,2,2,1,9,3210000,Motor
43,1814999,5,2,2,10,7850000,Home
61,886426,5,1,3,10,6730000,Motor
29,843887,2,0,2,8,6520000,Motor
39,954077,2,0,0,5,5170000,Motor
30,1332046,5,0,1,8,6490000,Motor
45,968378,2,0,1,8,4270000,Term Life
31,1386789,1,0,4,10,7620000,Motor
39,1294526,1,2,3,10,9930000,Term Life
47,1959659,4,2,3,10,7350000,Home
61,478369,1,3,4,10,2440000,Home
37,693466,2,2,0,5,5240000,Motor
61,1204627,2,1,3,10,5720000,Term Life
44,1543679,3,3,1,8,10560000,Home
55,1035624,1,2,0,6,5120000,Term Life
59,279711,5,3,2,10,1960000,Home
58,341123,5,3,2,10,2700000,Term Life
51,402500,4,0,0,7,1990000,Term Life
56,465593,3,3,1,9,3360000,Home
58,1158599,5,2,2,10,9200000,Health
61,1614933,4,0,1,10,12790000,Health
54,1933126,1,2,4,10,9990000,Motor
18,824533,3,0,3,9,4480000,Home
32,1345645,3,2,0,5,6080000,Travel
49,1930077,2,0,3,10,8820000,Health
25,433597,1,0,4,10,2370000,Travel
50,748196,3,1,2,10,2990000,Health
35,566991,4,2,1,8,3720000,Term Life
62,1107342,5,3,1,10,6290000,Term Life
46,978628,1,0,4,10,7330000,Health
49,1149826,1,2,0,5,8110000,Term Life
50,1000444,3,0,3,10,4610000,Motor
22,217412,3,1,2,8,1200000,Health
35,1213654,3,1,0,5,8200000,Health
27,1620750,4,1,4,10,6430000,Motor
53,467800,2,1,4,10,1480000,Health
50,1388615,3,3,1,8,10080000,Term Life
40,678174,2,3,2,9,2500000,Travel
57,1657556,2,0,0,7,12340000,Term Life
22,1002305,1,2,1,5,7590000,Term Life
51,1867349,5,1,2,10,9900000,Motor
41,1692822,5,1,3,10,11910000,Travel
34,1447455,4,3,3,10,6970000,Term Life
48,1774471,4,3,1,9,12940000,Term Life
24,350595,5,1,0,5,2500000,Travel
34,772735,5,2,2,10,2620000,Home
45,249757,1,0,3,10,1480000,Motor
55,984402,1,0,3,10,6100000,Home
39,1499071,5,0,0,6,4500000,Term Life
32,1997462,3,0,1,7,15780000,Term Life
54,1639485,3,2,4,10,8250000,Motor
32,1461492,1,2,2,8,8160000,Term Life
42,1188892,2,2,3,10,4720000,Motor
38,991894,5,3,4,10,6010000,Health
55,578976,4,1,0,8,4080000,Motor
19,1411443,3,2,1,5,8370000,Motor
44,925166,2,0,2,9,6420000,Travel
49,510609,3,2,0,6,3400000,Motor
38,654325,2,1,1,7,2740000,Health
21,290027,5,3,0,5,1500000,Home
61,250528,5,0,3,10,940000,Motor
36,1546950,5,3,3,10,4970000,Travel
19,248242,1,2,4,10,820000,Term Life
43,659099,2,0,0,5,5080000,Travel
51,1363264,4,0,3,10,10800000,Motor
31,1740158,4,2,1,7,6050000,Home
32,726071,5,2,4,10,3400000,Home
37,228390,4,1,2,10,820000,Motor
51,1912353,3,2,0,7,13710000,Home
53,1320678,2,2,3,10,7240000,Health
36,1528146,2,2,1,7,9330000,Health
26,1279326,2,0,0,4,7290000,Home
24,782476,3,1,1,6,5130000,Health
47,473016,1,0,4,10,2170000,Term Life
30,1867095,3,2,3,10,6880000,Health
44,1640580,2,1,3,10,5070000,Motor
61,903446,2,2,4,10,4720000,Travel
52,1839634,2,0,1,8,13870000,Travel
30,431360,4,0,0,5,1950000,Motor
32,1474016,1,2,1,6,5870000,Travel
63,1069946,3,1,0,8,8160000,Motor
26,943537,2,0,4,10,3330000,Health
62,292663,5,2,2,10,950000,Health
40,1938656,1,3,0,4,14340000,Home
53,873439,5,2,3,10,5680000,Travel
57,1907227,1,2,3,10,9750000,Home
20,1453732,2,1,3,9,9830000,Home
51,1361384,1,2,1,8,9130000,Home
36,310091,1,3,1,6,990000,Health
45,1085704,2,2,1,8,6930000,Travel
40,773681,5,3,3,10,4800000,Travel
57,1866422,5,0,0,8,14590000,Travel
62,1318346,4,2,3,10,10330000,Health
24,1224146,5,1,0,5,5980000,Home
58,1223157,5,2,1,10,7280000,Travel
29,999800,1,3,2,7,3710000,Travel
31,385385,4,3,1,7,1280000,Motor
63,248838,2,1,4,10,1280000,Travel
32,733022,2,3,0,4,4730000,Travel
20,831475,3,2,2,8,4850000,Motor
32,299329,4,3,1,7,1540000,Health
41,720146,1,2,2,9,5110000,Travel
63,1653989,3,2,3,10,11530000,Home
25,1055327,3,3,0,4,7030000,Health
22,958921,2,1,4,10,3250000,Travel
21,1369000,5,0,3,10,9560000,Health
31,1174335,1,1,2,8,8920000,Health
33,520217,4,0,1,7,1720000,Motor
37,1976861,3,1,0,5,9900000,Motor
41,444042,1,2,4,10,3530000,Health
23,1984424,2,2,1,5,11900000,Term Life
48,425683,3,3,4,10,2370000,Travel
23,1464123,3,0,0,4,5690000,Home
52,1492179,2,0,2,10,8700000,Health
32,1954238,2,3,4,10,10150000,Travel
46,1002056,2,1,0,6,3640000,Motor
20,1446919,1,3,4,10,7700000,Home
28,1535035,1,1,1,5,5870000,Motor
20,1528142,1,3,4,10,10170000,Motor
45,894497,5,0,1,9,7040000,Health
27,272663,3,0,1,6,1460000,Home
50,301216,1,1,0,6,1860000,Term Life
33,974888,5,0,3,10,5030000,Motor
27,1505068,3,0,4,10,5560000,Motor
50,1719934,1,0,2,10,13510000,Home
53,494887,2,0,1,8,1810000,Motor
20,1741338,4,2,3,10,6200000,Motor
22,1657428,1,3,1,5,8780000,Home
29,1732676,4,3,3,10,10910000,Motor
61,734396,1,2,3,10,3510000,Motor
30,1453282,2,0,2,8,5760000,Health
41,1809044,4,3,3,10,12830000,Term Life
61,481027,5,3,2,10,2320000,Travel
49,768688,2,3,0,6,3050000,Home
33,1425647,4,1,1,7,6880000,Motor
49,772239,4,2,2,10,3150000,Home
62,1648952,2,1,1,9,9230000,Health
54,1661721,2,1,4,10,10540000,Home
53,866483,2,2,0,6,6060000,Travel
38,1625826,3,3,4,10,6730000,Motor
64,1932293,5,1,4,10,7410000,Health
29,1937492,1,3,3,9,6000000,Health
38,524078,4,1,3,10,2170000,Health
38,230881,1,3,4,10,720000,Health
60,1172920,2,0,3,10,5540000,Term Life
23,1346747,5,0,1,7,5020000,Home
26,1501765,5,0,3,10,8860000,Home
18,1148161,3,2,4,10,5650000,Motor
29,417815,2,0,3,10,1450000,Motor
31,511095,4,1,3,10,2560000,Home
23,470896,3,3,2,8,1910000,Home
18,841627,2,3,2,7,5390000,Term Life
39,1655232,3,3,4,10,7980000,Term Life
51,1293440,1,3,1,8,4830000,Home
28,905051,2,1,0,4,4300000,Travel
20,1844899,4,3,0,4,7600000,Health
59,286675,4,1,4,10,2000000,Motor
23,1197807,2,1,1,5,9480000,Motor
23,484487,3,3,1,6,1520000,Motor
37,424320,5,3,1,8,2740000,Motor
38,743961,2,3,2,9,3210000,Health
19,1439602,4,1,4,10,4800000,Home
43,1434346,1,2,0,5,4410000,Travel
48,1605744,4,1,1,9,11890000,Travel
43,1799384,5,2,4,10,8580000,Term Life
49,702857,4,3,0,7,5600000,Travel
27,969483,5,1,2,9,5050000,Travel
40,1628166,2,3,3,10,6410000,Home
23,238079,4,2,0,4,1640000,Health
40,1292796,3,2,0,6,9870000,Travel
45,351563,3,1,0,6,2490000,Home
47,312878,4,1,3,10,2100000,Travel
31,1365159,4,1,1,7,6380000,Term Life
54,248720,1,1,3,10,830000,Health
49,1480452,4,0,0,7,5930000,Health
51,1787582,1,0,2,10,9360000,Travel
58,1677389,1,3,0,6,13050000,Term Life
61,691567,1,2,2,10,4570000,Motor
39,562812,1,2,4,10,4020000,Home
48,882192,2,3,2,10,3870000,Travel
24,1172322,3,3,0,4,7530000,Health
58,606080,1,3,3,10,4430000,Health
38,812666,3,0,0,5,4390000,Travel
33,1241137,1,3,0,4,6390000,Health
37,208177,3,2,4,10,1370000,Health
60,901475,4,3,1,10,5230000,Motor
61,1633038,4,1,0,8,13010000,Health
64,1698002,3,2,4,10,8700000,Home
36,645170,1,2,3,10,2500000,Term Life
49,1884009,2,2,4,10,10100000,Term Life
32,1978066,3,0,4,10,8260000,Motor
22,1786282,5,0,2,9,10370000,Motor
28,1414502,2,2,1,6,5130000,Term Life
32,1206148,5,1,1,8,9350000,Travel
46,1193459,3,2,3,10,8710000,Health
62,812363,1,0,4,10,3070000,Health
21,1751698,5,1,3,10,6760000,Home
53,1161454,3,2,3,10,6460000,Term Life
40,527371,2,0,1,7,3620000,Travel
32,606051,1,1,1,6,2480000,Travel
63,1528253,5,3,1,10,5050000,Term Life
61,1756542,3,3,0,8,10060000,Motor
20,1736843,1,2,4,10,11220000,Term Life
49,1087889,1,3,3,10,4590000,Home
27,1618224,4,0,4,10,10840000,Home
57,418930,1,1,3,10,3250000,Term Life
55,1652015,3,2,3,10,6090000,Health
39,1897066,2,1,3,10,10540000,Home
31,734561,4,1,3,10,2410000,Health
34,1806383,3,1,2,9,7290000,Motor
38,879520,3,0,2,9,3030000,Motor
32,1113456,3,2,0,5,5590000,Home
32,667601,5,3,1,8,4740000,Health
18,708604,5,1,3,10,4170000,Home
41,1732984,2,1,4,10,7130000,Home
29,1428636,3,1,2,8,4570000,Travel
27,1652140,5,0,1,7,9530000,Travel
63,807748,5,3,0,9,2960000,Travel
59,448792,5,1,1,10,2120000,Health
59,828759,2,0,3,10,4600000,Motor
48,828956,2,0,1,8,6230000,Home
28,1601146,3,1,3,10,5460000,Term Life
33,1263205,4,1,2,9,8010000,Home
26,1035488,3,0,2,8,3180000,Motor
64,1369060,5,0,3,10,8420000,Home
31,1345851,5,1,4,10,7750000,Motor
36,1682208,1,0,2,8,11880000,Travel
48,338966,3,0,4,10,1920000,Travel
26,1294649,5,1,3,10,6170000,Motor
53,1818557,5,1,3,10,7660000,Travel
56,1955402,4,2,2,10,6700000,Travel
43,767383,1,3,4,10,4350000,Travel
25,1410822,3,1,3,10,10500000,Home
41,1168305,2,1,2,9,6510000,Travel
25,322388,3,1,3,10,2160000,Motor
36,1489363,3,3,1,7,6690000,Travel
64,403508,4,2,1,10,2110000,Health
47,1363017,3,0,2,10,6300000,Travel
39,825070,4,3,3,10,2930000,Home
26,1487919,4,1,2,9,7570000,Motor
61,1684718,5,1,0,9,11490000,Home
21,632043,2,2,2,7,3140000,Term Life
54,832551,4,2,2,10,5200000,Term Life
25,1686567,1,2,1,5,11460000,Travel
18,1682993,1,0,1,4,7760000,Term Life
45,1015805,2,3,3,10,7100000,Home
23,1538245,4,3,2,8,7220000,Term Life
64,589860,2,2,2,10,2520000,Home
53,1615233,5,0,3,10,6640000,Health
28,853689,1,3,4,10,3410000,Travel
22,1345219,3,1,3,10,8990000,Travel
41,885846,1,1,1,7,6590000,Health
64,1720396,4,1,1,10,7150000,Travel
35,349712,2,3,2,8,1200000,Motor
37,559838,1,2,1,6,2560000,Travel
45,392527,3,1,3,10,2470000,Health
30,1809000,3,2,2,8,8760000,Term Life
22,1179929,2,0,3,9,6780000,Health
47,256539,2,1,3,10,1720000,Motor
18,412736,1,0,2,6,2080000,Home
39,618158,4,2,4,10,4940000,Health
35,1316939,5,3,1,8,5910000,Motor
63,389668,3,2,0,8,3070000,Motor
22,805814,2,1,0,3,3240000,Travel
48,1545975,5,1,0,7,5500000,Home
23,1441777,5,2,1,7,9740000,Home
44,678739,5,1,4,10,4420000,Motor
42,1891073,4,1,3,10,13340000,Home
46,442723,2,0,2,10,2090000,Travel
45,810725,3,3,4,10,6210000,Health
33,1395925,2,2,0,4,5020000,Term Life
29,857003,1,0,1,5,2700000,Motor
37,1010161,3,1,1,7,4550000,Motor
35,1204127,2,0,2,8,8410000,Health
51,1008250,3,3,3,10,6420000,Travel
40,1314131,1,2,4,10,6810000,Health
62,1871843,3,3,4,10,8010000,Motor
44,1302205,5,3,4,10,4290000,Term Life
34,1888160,4,0,3,10,8850000,Travel
38,1566158,1,0,3,10,8300000,Home
57,471601,3,3,3,10,3030000,Travel
48,390701,1,1,2,9,2430000,Term Life
20,1544642,5,2,1,6,11950000,Travel
34,1651612,4,1,0,5,5780000,Motor
43,1674542,1,1,3,10,7840000,Home
40,1618842,5,2,1,8,8750000,Health
23,302020,5,0,3,10,1920000,Term Life
45,434618,5,1,0,7,2380000,Motor
25,1762039,3,0,3,10,13330000,Motor
62,1941726,2,2,1,9,11730000,Motor
25,1102562,1,1,2,7,3530000,Health
36,365493,2,0,0,5,1300000,Home
55,973317,5,0,1,10,6590000,Motor
46,413273,2,1,4,10,2720000,Motor
40,1835189,5,2,4,10,6910000,Term Life
64,487744,5,3,4,10,1610000,Motor
49,410694,4,0,2,10,2420000,Term Life
27,462051,4,2,3,10,2850000,Travel
44,1677963,2,1,3,10,6170000,Travel
18,1572246,1,0,3,8,8440000,Health
56,1261725,2,0,2,10,5710000,Health
46,361466,1,0,4,10,2770000,Travel
62,1394044,2,2,3,10,5710000,Term Life
20,1665116,3,0,2,8,11100000,Health
64,1426846,3,0,2,10,7980000,Travel
54,1200209,1,1,1,8,3670000,Motor
48,312168,4,0,3,10,1740000,Term Life
28,1755602,1,2,4,10,6140000,Motor
39,834101,2,1,0,5,5250000,Term Life
35,1602499,5,3,2,10,9340000,Home
52,456960,3,1,1,9,1390000,Home
23,1148520,5,0,0,5,4620000,Motor
20,858554,3,3,2,8,5910000,Term Life
22,1543118,2,1,1,5,6760000,Health
26,1515509,3,0,3,10,8330000,Home
45,678911,1,1,1,7,3100000,Health
36,1575687,5,2,2,10,11990000,Health
45,392206,5,0,3,10,2230000,Home
44,461041,2,2,4,10,2990000,Health
30,1450534,5,0,1,8,4960000,Term Life
55,560981,2,2,0,6,1800000,Motor
60,1404625,4,3,3,10,6030000,Term Life
38,301967,1,2,3,10,1370000,Travel
44,593345,3,1,4,10,3820000,Term Life
63,1570403,3,0,1,10,9180000,Motor
23,1556051,3,1,0,4,7580000,Home
55,448719,4,2,4,10,2810000,Travel
28,641719,1,0,1,5,2450000,Travel
64,358621,5,2,0,9,1190000,Motor
58,1785206,5,3,0,8,12980000,Health
34,931874,1,3,2,8,5420000,Travel
56,907609,1,3,0,6,5670000,Home
24,1039096,3,2,1,6,4710000,Motor
47,1220668,5,2,4,10,5930000,Health
38,995265,1,3,4,10,3400000,Health
18,1047090,5,2,2,8,7630000,Term Life
42,705655,1,1,1,7,4210000,Home
49,430099,2,2,0,6,1470000,Term Life
25,1118241,3,1,2,8,7850000,Term Life
22,725587,1,3,3,9,3790000,Motor
47,1497816,4,2,1,9,10220000,Travel
25,1576595,1,3,2,7,4830000,Travel
36,888280,2,0,4,10,2790000,Health
61,648052,4,2,2,10,2500000,Home
47,373453,4,2,3,10,1510000,Motor
32,1753851,1,3,1,6,11960000,Motor
53,576430,2,3,2,10,3770000,Term Life
61,1202475,4,3,0,8,7310000,Home
44,1085162,3,0,1,8,8060000,Travel
30,518442,3,0,2,8,2200000,Motor
31,1893899,5,3,2,10,14250000,Term Life
54,1421743,5,2,1,10,10730000,Home
47,644740,2,2,4,10,3330000,Home
56,716030,4,3,0,8,2490000,Home
64,1620545,3,1,1,10,10750000,Travel
30,1364213,3,0,0,4,6390000,Travel
33,461046,2,0,0,4,3220000,Term Life
61,1184413,4,1,1,10,4520000,Home
24,1770798,2,3,2,7,10090000,Term Life
44,225532,1,2,4,10,1250000,Travel
62,308197,3,2,0,8,1080000,Health
52,1379436,2,0,0,6,6640000,Term Life
32,260285,2,1,2,8,890000,Health
45,1005298,1,2,1,7,5350000,Term Life
52,1911529,5,0,4,10,13790000,Term Life
24,471639,3,2,0,4,2050000,Travel
63,446130,2,2,0,7,3040000,Travel
63,1518557,3,2,1,10,5950000,Motor
37,1980644,5,0,2,10,12610000,Term Life
49,714938,2,1,3,10,5420000,Health
55,1172980,1,3,2,10,5420000,Motor
57,458750,3,1,0,7,3440000,Home
49,1763622,1,2,0,5,9750000,Health
43,492490,5,1,4,10,2260000,Term Life
56,308621,5,2,2,10,2310000,Travel
37,1243350,3,0,3,10,3930000,Motor
35,1534132,5,0,4,10,4820000,Home
32,681615,4,0,3,10,4090000,Health
39,318833,3,2,4,10,2230000,Travel
39,1672596,4,1,2,10,11300000,Motor
38,265206,5,3,0,6,900000,Motor
19,210934,3,3,3,9,1640000,Motor
57,492867,4,0,2,10,3210000,Home
60,1662197,5,3,3,10,12870000,Motor
35,1922684,2,2,2,8,8930000,Health
40,1974702,2,1,4,10,12780000,Motor
30,901773,1,3,2,8,6580000,Travel
58,1139858,2,3,4,10,5590000,Motor
26,1191994,4,1,0,5,9330000,Health
24,1108420,2,3,4,10,4790000,Home
58,681891,3,1,1,9,3120000,Home
18,441630,3,2,0,3,3360000,Motor
19,1747153,3,2,2,7,13710000,Home
21,1809387,2,2,2,7,8010000,Term Life
31,583094,2,0,1,6,2150000,Health
49,1175197,1,2,2,9,7990000,Home
53,366804,5,3,0,8,2810000,Health
19,1814510,1,0,0,2,10890000,Term Life
57,1924957,4,0,4,10,11880000,Motor
31,424310,3,0,3,10,2890000,Health
37,1490600,2,2,2,9,5610000,Travel
42,457476,5,0,1,9,3600000,Home
59,481260,5,2,0,8,2320000,Motor
25,1361434,2,2,0,4,8360000,Travel
45,1992207,1,0,0,5,10640000,Term Life
63,1741789,5,0,3,10,9300000,Travel
38,276620,1,3,3,10,1800000,Motor
40,1162275,2,0,2,9,9270000,Motor
49,621972,1,2,1,7,3920000,Home
25,282604,3,3,3,10,1970000,Term Life
48,818740,2,3,4,10,2570000,Motor
54,1416172,2,2,3,10,9990000,Home
33,1696398,5,0,0,6,7630000,Health
57,924179,5,0,1,10,3360000,Travel
59,1843091,5,1,2,10,6570000,Home
44,485356,3,0,3,10,3110000,Term Life
57,502262,3,1,0,7,4010000,Health
58,1790404,4,3,4,10,11340000,Motor
35,366901,2,3,4,10,1580000,Motor
52,387381,5,3,2,10,1560000,Travel
32,1969339,2,1,2,8,11090000,Home
44,1795141,1,2,3,10,5970000,Health
34,1891997,3,2,2,9,9450000,Home
57,652889,4,3,0,8,4130000,Motor
19,1500772,1,1,0,2,11760000,Motor
48,636060,2,1,0,6,3260000,Travel
54,1182212,3,3,3,10,4730000,Health
58,996184,5,0,3,10,7060000,Travel
58,1461196,1,3,2,10,9820000,Home
51,1716503,3,1,3,10,12530000,Motor
51,633886,2,0,0,6,2580000,Term Life
20,1447251,2,2,1,5,7270000,Health
34,886838,1,0,0,4,7010000,Motor
31,619655,1,2,1,6,2350000,Travel
31,1152251,1,1,2,8,7330000,Travel
63,971784,4,3,4,10,4070000,Travel
55,1671602,5,3,3,10,9200000,Home
52,1576956,3,3,3,10,11040000,Travel
18,264467,2,3,0,3,1440000,Health
46,1613070,2,3,0,6,11340000,Health
21,1152345,5,1,1,7,5910000,Travel
50,1236853,1,1,3,10,9890000,Home
34,1162217,1,3,2,8,6020000,Health
45,1691338,2,0,0,6,6340000,Term Life
43,980196,5,3,3,10,4910000,Home
25,989480,2,2,4,10,6640000,Health
51,1831770,1,2,1,8,13260000,Term Life
35,538781,3,2,0,5,2860000,Health
48,491922,1,2,0,5,2940000,Term Life
44,1407073,3,3,2,10,10170000,Home
33,962405,4,2,0,5,6800000,Travel
27,938748,5,0,3,10,5900000,Term Life
57,320918,4,3,3,10,2270000,Travel
29,1699968,1,2,3,9,10000000,Home
39,1654466,5,3,4,10,5000000,Health
33,655618,1,3,4,10,2100000,Home
29,1757901,5,3,0,5,13890000,Health
28,1469555,5,1,4,10,5470000,Term Life
37,972793,1,2,4,10,4890000,Health
18,211957,1,1,2,6,1630000,Term Life
44,1171120,5,0,4,10,4660000,Term Life
20,217829,5,0,1,6,1570000,Travel
29,1516557,1,1,1,5,10750000,Motor
47,1705933,1,2,1,7,13530000,Travel
26,346104,2,3,0,4,1530000,Term Life
54,1348346,2,0,3,10,6170000,Motor
18,1799216,2,0,2,7,13520000,Term Life
59,230215,4,0,0,8,960000,Motor
21,1698111,5,2,3,10,9750000,Term Life
32,1768327,3,1,2,9,11560000,Term Life
44,930002,4,1,2,10,4050000,Health
25,1551967,5,2,2,9,11940000,Motor
40,1211806,3,0,1,8,7670000,Home
32,853980,2,2,1,6,2760000,Home
44,898408,3,2,1,8,3300000,Health
48,974474,1,1,2,9,3850000,Home
56,1221740,1,2,2,10,5160000,Term Life
64,406604,5,2,1,10,2710000,Term Life
25,791002,4,0,2,8,2720000,Home
47,497463,2,3,1,8,2360000,Term Life
59,843346,5,0,1,10,6370000,Term Life
35,478169,2,1,1,6,2770000,Term Life
21,209780,1,3,3,9,910000,Home
64,1009138,4,0,2,10,7860000,Term Life
60,898276,4,2,0,8,3790000,Health
39,275503,1,2,1,6,2070000,Home
20,361928,3,3,0,4,2400000,Home
32,1257755,4,3,3,10,8430000,Travel
52,893983,3,2,2,10,6100000,Home
64,872947,2,1,1,9,4830000,Health
55,879093,4,0,1,10,6220000,Home
50,981570,1,2,1,8,7050000,Home
31,681522,3,0,0,5,3270000,Travel
18,1872287,2,0,3,9,9360000,Term Life
43,1371652,2,0,2,9,10210000,Term Life
25,335047,4,0,3,10,1880000,Motor
33,1503053,4,1,1,7,11020000,Motor
55,1982391,5,1,3,10,12160000,Home
27,537282,5,1,0,5,3210000,Motor
59,900823,4,2,4,10,2840000,Motor
54,373226,5,2,4,10,1640000,Travel
43,1455324,1,2,2,9,8020000,Motor
45,711559,1,1,2,9,4220000,Home
29,1859570,5,0,3,10,11440000,Health
37,316905,4,1,2,10,2090000,Health
31,1277406,1,2,0,4,8020000,Term Life
63,1713918,2,3,1,9,12410000,Health
52,492753,4,2,1,9,2210000,Home
46,741689,3,0,3,10,4600000,Term Life
29,620945,3,1,1,6,2020000,Motor
35,1089912,4,3,3,10,5890000,Term Life
61,1366854,5,3,2,10,5930000,Motor
19,900527,1,0,2,6,4420000,Travel
19,425253,1,1,0,2,2030000,Motor
34,1899407,4,3,1,7,6270000,Travel
27,1867447,2,2,0,4,9960000,Health
35,389243,5,0,4,10,3100000,Term Life
39,681312,2,3,0,5,3060000,Home
36,337719,4,0,3,10,2260000,Motor
18,1516735,4,1,3,10,8700000,Travel
41,483650,2,1,0,5,2240000,Term Life
53,445221,3,1,2,10,1540000,Motor
42,1272643,4,2,4,10,5190000,Term Life
53,1246371,5,3,0,8,8610000,Term Life
48,592963,2,1,2,10,2610000,Home
48,1758569,3,2,0,6,6540000,Health
19,1774920,2,1,1,5,8260000,Travel
36,454770,3,1,3,10,2690000,Motor
29,753616,3,3,1,6,4910000,Health
27,1064144,5,2,1,7,5250000,Travel
48,252832,4,1,4,10,1390000,Home
62,1291347,3,2,2,10,6810000,Home
39,297421,4,2,3,10,910000,Term Life
40,1426163,5,1,1,8,7100000,Home
40,788826,4,1,3,10,4680000,Term Life
32,1720770,1,0,2,8,10070000,Travel
43,1550871,3,3,0,6,10470000,Travel
20,1905565,5,1,1,6,12100000,Health
40,1594183,2,0,2,9,6990000,Motor
37,1869717,5,3,3,10,8000000,Motor
62,1862296,3,1,2,10,9910000,Term Life
57,490299,5,2,0,8,3270000,Motor
56,975817,2,3,2,10,3390000,Health
25,349360,1,2,3,9,2700000,Travel
35,1561308,3,0,1,7,8920000,Home
58,418023,3,1,1,9,1890000,Travel
23,891445,5,0,4,10,5760000,Term Life
44,1243904,4,1,3,10,4010000,Travel
53,735539,4,1,4,10,3990000,Motor
32,1350996,2,2,4,10,7340000,Term Life
54,1929510,1,0,0,6,7350000,Travel
22,471767,1,2,3,9,3390000,Motor
56,417544,5,2,1,10,2920000,Term Life
26,1565435,5,2,3,10,5890000,Motor
24,468267,4,0,0,4,2260000,Home
58,1513781,1,1,3,10,5300000,Term Life
37,1354969,1,1,3,10,9810000,Term Life
27,978504,1,0,4,10,4520000,Motor
43,1088467,2,1,3,10,5660000,Term Life
21,1549815,2,0,4,10,7160000,Home
55,390690,5,0,4,10,1780000,Health
41,1145955,4,1,2,10,7720000,Travel
31,1068329,3,3,0,5,7200000,Term Life
58,1854307,4,2,4,10,10360000,Home
18,580149,2,0,3,9,3650000,Health
34,1759624,2,0,4,10,9780000,Motor
62,285141,5,3,4,10,900000,Term Life
41,691008,3,0,4,10,2300000,Travel
44,932228,1,0,1,7,4590000,Health
24,1941768,3,1,1,6,13100000,Term Life
26,1212516,3,1,1,6,9170000,Term Life
60,1913381,3,3,1,10,6020000,Term Life
52,1413138,5,0,2,10,6840000,Home
29,1802631,2,2,4,10,7420000,Home
38,1294633,1,1,2,8,9160000,Home
20,411818,3,2,3,10,2980000,Term Life
32,1469343,1,2,0,4,5920000,Motor
38,1190604,3,3,2,9,7800000,Home
27,896403,2,3,1,6,5970000,Motor
50,1597475,1,0,1,8,6210000,Term Life
63,367659,4,3,3,10,1900000,Motor
23,1514084,2,1,4,10,9240000,Term Life
19,713993,1,0,0,2,2240000,Home
46,1187358,3,0,2,10,5960000,Home
57,1960024,3,2,4,10,7400000,Home
50,710684,2,2,4,10,4060000,Travel
21,801303,2,2,2,7,5780000,Term Life
21,1387046,3,0,2,8,7800000,Home
46,1644244,1,3,2,9,5230000,Term Life
54,1597928,4,3,2,10,5030000,Travel
37,1150697,5,3,1,8,6940000,Motor
58,749633,2,0,4,10,3480000,Motor
40,1753603,3,0,4,10,10280000,Term Life
62,1596615,1,0,1,9,6100000,Health
35,929695,2,0,4,10,6400000,Term Life
42,1176700,1,0,2,9,8590000,Home
18,1402701,2,3,0,3,10440000,Home
32,980912,3,0,4,10,4430000,Motor
51,1217932,1,3,0,6,7680000,Motor
37,1901886,3,0,0,5,8360000,Travel
54,598231,1,3,1,8,4080000,Home
44,1476849,2,1,3,10,5320000,Health
39,513260,5,1,4,10,3500000,Motor
22,353023,5,3,1,7,1840000,Motor
51,1608319,4,1,1,9,11700000,Travel
56,429351,4,1,0,8,2870000,Motor
20,516575,3,3,4,10,2520000,Term Life
34,997163,1,0,1,6,7500000,Travel
41,874104,4,0,2,10,3860000,Home
41,1573814,2,3,1,7,12330000,Health
20,576756,5,2,2,8,3940000,Home
62,728222,1,2,3,10,5790000,Travel
24,1325521,5,1,2,9,4330000,Term Life
42,975842,1,2,2,9,4260000,Health
20,1116875,4,1,0,4,7490000,Term Life
32,821234,4,0,1,7,6250000,Motor
46,1869208,3,3,3,10,5880000,Travel
46,339244,1,0,1,7,1020000,Motor
27,1800222,2,3,2,8,7710000,Travel
49,921673,4,2,2,10,6690000,Home
40,1378350,3,0,1,8,9420000,Travel
56,1530483,4,0,3,10,7200000,Term Life
26,693938,5,1,3,10,2090000,Term Life
54,689922,4,3,0,7,3980000,Home
57,1334573,1,2,2,10,5590000,Term Life
31,441830,3,0,2,9,2970000,Term Life
21,338876,1,3,0,3,1770000,Health
37,1228831,2,2,1,7,7860000,Home
45,1165098,2,0,2,10,8460000,Home
31,409820,4,3,1,7,2330000,Term Life
61,811477,3,1,3,10,3800000,Term Life
51,1860371,3,0,4,10,12740000,Travel
30,529669,3,3,0,4,2290000,Travel
48,823536,3,2,2,10,6140000,Travel
50,748892,4,2,0,7,2510000,Health
56,893278,1,1,3,10,6410000,Home
45,329716,4,0,3,10,1140000,Travel
42,1954785,1,1,3,10,6410000,Motor
49,361919,5,3,3,10,1740000,Term Life
26,1702501,5,2,4,10,13250000,Home
45,734968,1,1,1,7,5820000,Term Life
48,1886372,4,0,1,9,7570000,Travel
34,295619,2,3,4,10,1110000,Health
40,255037,4,0,1,8,1220000,Health
30,824257,2,1,3,10,3860000,Motor
27,1359691,4,2,1,7,9240000,Health
33,258914,3,2,0,5,1350000,Health
23,1930245,3,1,1,6,13320000,Health
28,1355831,5,0,0,5,9140000,Health
20,734637,5,0,2,8,4330000,Travel
45,1716871,1,0,0,5,12310000,Term Life
58,1702612,2,0,0,7,6770000,Motor
32,406068,3,2,3,10,1550000,Travel
30,1152057,4,0,3,10,7780000,Home
59,752813,1,1,3,10,3180000,Health
62,1516668,4,1,0,8,4570000,Motor
34,738786,3,1,4,10,5590000,Term Life
24,1136495,3,1,3,10,6950000,Travel
45,1994446,3,0,3,10,10420000,Travel
55,259790,3,2,0,7,1720000,Term Life
30,226245,4,3,2,9,1060000,Motor
34,1379886,1,0,2,8,10720000,Term Life
32,1137424,3,3,1,7,3800000,Travel
53,246659,5,2,2,10,1530000,Term Life
45,1760341,1,0,3,10,12120000,Motor
32,799162,5,3,4,10,4270000,Health
63,504661,4,2,1,10,3420000,Health
28,850906,3,3,4,10,6500000,Travel
48,800173,1,1,4,10,5380000,Home
21,770638,3,1,3,10,3500000,Home
52,978539,3,2,0,7,5680000,Home
51,1145778,1,2,0,6,8660000,Motor
44,507157,3,3,0,6,2660000,Motor
27,961563,3,2,2,8,6160000,Term Life
47,239913,2,1,0,6,1280000,Travel
62,1483813,2,1,3,10,5350000,Motor
37,1556539,1,0,2,8,5130000,Health
46,282168,1,3,0,5,2190000,Term Life
46,1603400,3,2,4,10,9720000,Home
40,1220131,5,2,3,10,4290000,Home
38,1605512,1,2,3,10,11700000,Travel
60,920270,3,3,1,10,5170000,Motor
27,1927421,5,1,3,10,13220000,Term Life
58,596076,2,2,4,10,2170000,Travel
29,249875,1,2,3,9,1880000,Travel
47,345991,3,1,1,8,2060000,Health
50,1740665,2,2,3,10,11650000,Home
35,1258162,4,0,3,10,3970000,Term Life
31,251986,2,1,1,6,1150000,Health
39,1533775,3,1,3,10,6650000,Term Life
38,628106,5,1,2,10,4870000,Home
18,656297,4,0,3,10,2580000,Motor
60,753095,4,1,0,8,4920000,Home
32,1465568,4,3,0,5,4710000,Term Life
53,1736253,1,3,2,10,6920000,Home
64,1317201,3,3,3,10,6180000,Motor
39,518461,4,1,4,10,3610000,Travel
49,633194,2,1,3,10,4400000,Health
63,1527153,5,1,0,9,11860000,Motor
50,1281858,3,0,1,8,9720000,Home
58,1849383,2,3,2,10,6300000,Home
56,964634,1,2,1,8,6900000,Travel
40,330843,4,2,4,10,1740000,Home
60,832621,2,1,3,10,6100000,Motor
19,355205,3,0,4,10,1220000,Home
19,723566,2,1,1,5,5150000,Home
55,774605,1,2,3,10,2940000,Health
46,1376454,5,3,4,10,6430000,Travel
63,1357321,4,2,0,8,4270000,Home
20,591374,3,3,0,4,2140000,Term Life
56,790238,4,3,2,10,4130000,Travel
24,783900,4,0,0,4,5560000,Health
53,264873,4,2,0,7,1820000,Term Life
46,1888656,2,1,1,8,7890000,Term Life
54,942138,2,0,0,6,3540000,Travel
53,393074,5,3,0,8,1940000,Travel
40,1170012,1,2,1,6,8680000,Travel
62,693936,3,1,0,8,2400000,Home
33,893739,2,0,0,4,5110000,Home
48,1788095,4,1,2,10,6160000,Motor
51,1598105,1,2,0,6,8550000,Motor
18,1814027,3,1,0,3,6590000,Health
35,1108312,3,0,2,9,3770000,Motor
57,1149180,3,1,1,9,4540000,Term Life
60,1074024,3,2,0,8,4590000,Term Life
32,568708,5,0,4,10,2490000,Home
34,1202987,3,3,1,7,7490000,Home
61,1828399,1,0,1,9,5990000,Travel
27,1621672,2,2,0,4,5520000,Home
37,377182,1,1,2,8,1490000,Home
23,1950914,4,3,1,6,14360000,Health
25,1994754,5,3,2,9,12250000,Motor
62,1209241,5,1,4,10,8040000,Term Life
51,1976305,4,2,2,10,9590000,Health
49,597968,1,0,3,10,2430000,Home
59,1797371,1,2,2,10,5730000,Travel
21,678921,4,3,1,6,3700000,Health
61,1897089,3,0,2,10,11140000,Motor
56,1502871,3,0,2,10,11250000,Motor
37,310282,2,1,3,10,2300000,Term Life
41,1158999,1,2,3,10,5940000,Motor
41,421538,1,0,0,5,2160000,Health
43,391958,4,1,1,8,1490000,Health
42,532703,4,2,0,6,2280000,Motor
53,1773846,3,3,3,10,13530000,Health
24,1459489,1,3,2,7,5410000,Home
27,1901992,1,2,3,9,14920000,Travel
64,1657938,5,0,4,10,9160000,Travel
29,971393,2,0,2,8,5130000,Health
18,1434491,2,3,0,3,5560000,Motor
42,1500338,3,3,2,10,9460000,Motor
33,801025,1,0,4,10,4240000,Motor
22,1331022,5,2,3,10,6460000,Motor
36,1337143,1,3,1,6,5780000,Motor
21,1010068,4,0,1,6,3370000,Motor
23,1593570,3,2,1,6,8920000,Home
43,382506,2,1,3,10,1750000,Home
56,1332442,1,2,1,8,8710000,Travel
56,1965207,3,0,4,10,13000000,Motor
26,262726,2,2,3,10,1220000,Health
62,1067333,1,0,1,9,6770000,Motor
31,1750829,5,3,0,6,7520000,Term Life
26,865468,3,1,3,10,5740000,Travel
32,793184,1,3,3,10,2440000,Home
54,373625,2,3,2,10,1400000,Home
37,1813744,2,0,1,7,7660000,Term Life
25,969680,5,0,0,5,6660000,Term Life
49,1562797,3,0,4,10,5210000,Motor
64,203625,3,0,3,10,800000,Motor
38,1286813,1,3,4,10,6170000,Health
58,201223,2,0,4,10,610000,Travel
36,390375,2,0,4,10,2660000,Home
46,265197,5,3,2,10,1540000,Home
48,1485062,5,1,4,10,11140000,Travel
23,1585413,3,1,1,6,5000000,Health
21,1884419,2,2,1,5,8210000,Health
60,1548480,1,3,0,6,10310000,Travel
46,1720974,4,0,0,7,10970000,Health
59,1637912,1,2,4,10,6900000,Travel
20,1699758,5,1,4,10,10160000,Health
18,1539744,1,1,2,6,10730000,Home
61,1712115,2,3,4,10,5420000,Term Life
32,1009634,3,0,4,10,6650000,Travel
64,1105846,4,0,4,10,4710000,Travel
38,1300100,3,2,3,10,10060000,Motor
63,1947844,4,1,3,10,11090000,Term Life
48,1677859,4,2,2,10,5310000,Motor
24,602576,2,2,2,7,3020000,Home
34,560372,2,2,1,6,4390000,Home
36,1353331,5,0,2,10,9000000,Health
56,1916877,5,1,1,10,8630000,Motor
20,478137,4,2,4,10,2810000,Travel
47,1787484,5,1,2,10,10720000,Travel
52,1793057,2,1,2,10,5590000,Motor
46,1037991,5,2,2,10,4040000,Health
31,483392,4,2,1,7,2780000,Motor
52,1687644,3,3,1,9,8460000,Health
45,1122531,1,0,0,5,4430000,Term Life
47,1514980,5,1,1,9,10400000,Health
43,209012,2,2,1,7,1140000,Travel
24,1274399,3,2,3,10,5800000,Health
56,1295603,2,1,2,10,4930000,Health
48,1457815,5,2,1,9,8830000,Term Life
22,545938,4,3,2,8,3460000,Home
52,1011531,1,1,2,10,6420000,Term Life
64,1023424,1,2,3,10,4200000,Health
31,1106374,3,1,2,9,6610000,Term Life
53,1214416,1,2,1,8,9140000,Health
44,1390625,4,2,2,10,6630000,Home
41,1173738,2,0,0,5,4760000,Home
57,1996166,4,1,0,8,13700000,Term Life
46,902736,3,0,3,10,3510000,Motor
62,1257794,3,2,1,10,5370000,Motor
39,1532508,1,1,3,10,5370000,Term Life
25,1269077,4,1,0,4,5510000,Home
32,933349,2,3,1,6,4710000,Travel
22,828021,4,3,2,8,2750000,Term Life
21,477354,2,2,1,5,3510000,Motor
28,1377052,2,2,4,10,7670000,Travel
35,900849,4,2,1,8,5350000,Travel
59,423989,5,2,2,10,2060000,Motor
47,1050153,4,3,4,10,6670000,Home
32,688260,2,1,3,10,3550000,Home
23,1684445,3,0,1,6,11470000,Term Life
33,679894,3,1,3,10,4830000,Home
64,1420598,1,1,1,9,9030000,Health
57,1912852,3,3,0,7,10440000,Health
26,396983,5,1,0,5,2740000,Term Life
60,1804313,2,1,2,10,9870000,Term Life
51,551477,4,2,0,7,1960000,Term Life
44,1531502,4,0,4,10,5490000,Health
30,1734356,5,1,4,10,13430000,Home
53,709590,3,1,1,9,2890000,Home
44,1802243,2,0,3,10,12760000,Home
26,1286356,3,2,4,10,5450000,Motor
22,1148244,1,3,1,5,5920000,Health
39,1887808,3,3,3,10,11850000,Term Life
48,982734,1,1,0,5,3730000,Motor
20,724338,4,2,1,6,4840000,Motor
47,1124094,2,3,3,10,7250000,Health
38,764493,1,3,2,8,4370000,Term Life
52,1560466,3,3,2,10,9100000,Home
23,868465,3,3,4,10,3060000,Health
45,1679291,4,3,3,10,8700000,Motor
49,629857,5,1,2,10,2160000,Motor
59,1247813,5,3,4,10,5660000,Home
54,1784492,3,1,1,9,13390000,Health
42,373104,5,0,1,9,2190000,Travel
49,1706821,2,0,3,10,11460000,Health
52,500660,5,2,3,10,2940000,Motor
39,549301,2,1,3,10,2180000,Travel
41,1643268,3,2,3,10,9820000,Home
56,319558,3,0,2,10,2170000,Travel
47,502944,3,0,2,10,1860000,Health
49,760076,4,0,4,10,5380000,Motor
48,1369330,5,0,2,10,7910000,Term Life
40,488384,1,3,1,6,1480000,Term Life
57,704204,1,0,4,10,3940000,Home
50,604138,3,3,2,10,3010000,Travel
42,1755482,5,3,3,10,7870000,Motor
53,1050630,2,2,2,10,7200000,Health
41,1569459,1,3,0,5,11770000,Home
48,1977538,3,2,4,10,13470000,Motor
56,474233,1,3,2,10,3430000,Home
63,756888,1,3,2,10,5710000,Term Life
30,377248,1,0,1,6,2850000,Term Life
27,1064784,3,1,3,10,3800000,Health
40,548109,3,3,3,10,2900000,Motor
35,587684,4,1,1,8,1760000,Travel
49,1017847,4,1,1,9,5630000,Home
50,1715445,4,1,0,7,13070000,Travel
53,1230358,1,3,4,10,4920000,Motor
45,1320471,5,1,3,10,8190000,Travel
33,1066332,3,3,1,7,6630000,Term Life
33,1867194,4,0,1,7,7100000,Travel
35,1717621,5,3,4,10,7200000,Term Life
25,1307226,4,2,1,6,6940000,Health
59,1716660,4,0,0,8,6770000,Motor
33,1249191,5,1,4,10,7400000,Travel
28,900972,4,1,0,5,4890000,Health
23,1064369,1,2,2,7,5960000,Home
18,722915,1,0,3,8,2650000,Travel
29,1552656,1,2,1,5,8670000,Motor
55,1933308,2,1,4,10,6280000,Travel
45,569956,4,3,0,6,4220000,Travel
62,1231362,2,1,3,10,5810000,Home
34,530019,3,2,3,10,3860000,Term Life
18,1854646,5,3,1,6,12070000,Travel
49,1310276,3,3,3,10,8950000,Motor
25,208109,2,1,1,6,950000,Motor
57,223758,1,3,2,10,930000,Health
60,943987,4,0,1,10,4750000,Motor
63,1095024,4,1,0,8,3420000,Motor
41,737605,1,1,3,10,5600000,Term Life
27,400073,4,0,3,10,1970000,Health
64,1762485,5,1,3,10,14000000,Travel
56,1168927,5,2,1,10,7960000,Health
56,1274198,5,2,4,10,4340000,Home
27,708911,3,1,1,6,4470000,Term Life
53,731088,1,0,0,6,3180000,Term Life
42,1808403,5,3,1,9,7630000,Motor
27,433259,2,0,3,10,1860000,Health
36,857960,5,2,2,10,6500000,Term Life
63,1858027,3,1,0,8,10220000,Term Life
62,1495341,2,0,2,10,9490000,Travel
32,1933305,1,3,0,4,8520000,Motor
33,478833,1,3,0,4,2690000,Home
19,1067891,5,3,3,10,5070000,Health
46,238469,2,3,1,8,1100000,Travel
21,1737731,2,0,3,9,7360000,Motor
46,1904894,5,3,3,10,9610000,Motor
48,1503481,5,2,3,10,9470000,Travel
34,1046444,4,3,2,9,4300000,Term Life
27,1973010,4,2,0,5,15440000,Health
44,1308597,5,0,4,10,4740000,Home
58,1730732,3,2,1,9,9350000,Home
32,381854,4,0,3,10,1310000,Term Life
61,668735,5,3,0,9,2080000,Health
48,1480555,2,1,1,8,11270000,Travel
38,1797506,4,2,4,10,12680000,Health
58,1589723,3,2,4,10,10290000,Motor
63,1896578,1,1,3,10,13890000,Home
62,724493,2,0,4,10,5080000,Health
43,1079377,3,0,4,10,6730000,Motor
55,1261018,3,3,1,9,9130000,Term Life
53,1995580,3,2,1,9,9890000,Term Life
34,1123195,2,0,3,10,6470000,Motor
20,238909,3,3,0,4,1640000,Health
31,481648,1,0,3,10,1650000,Home
30,1706062,4,1,2,9,12440000,Travel
58,1344274,2,1,4,10,5090000,Home
44,1156302,3,1,0,6,8470000,Travel
18,904690,5,3,1,6,4120000,Health
34,287087,4,2,2,9,1330000,Motor
51,1458567,2,1,2,10,4910000,Motor
31,937392,5,1,4,10,6960000,Travel
34,1290292,5,0,1,8,5000000,Health
20,1454272,3,1,0,4,8940000,Travel
51,378054,2,2,1,8,2350000,Travel
57,1407092,3,3,4,10,6200000,Term Life
42,1945681,1,1,2,9,15430000,Travel
19,234571,5,3,4,10,780000,Term Life
51,423023,1,3,3,10,2550000,Home
43,1132893,3,2,2,10,6120000,Term Life
48,939578,4,0,4,10,3970000,Term Life
26,769326,5,0,0,5,2940000,Home
47,1845659,4,3,0,7,12340000,Term Life
37,1031600,2,1,0,5,7820000,Term Life
38,933442,5,3,3,10,3300000,Home
46,1316266,1,0,1,7,5230000,Home
42,1191806,4,1,0,6,9450000,Motor
55,1100485,2,0,3,10,3380000,Travel
61,1784094,5,2,0,9,9890000,Motor
42,1069733,2,0,3,10,5970000,Travel
26,336974,1,1,0,3,1450000,Home
56,227050,5,1,1,10,1430000,Home
61,561949,2,3,4,10,4340000,Health
43,1454234,3,1,0,6,7640000,Motor
54,1756304,5,2,4,10,11850000,Travel
33,1055542,5,0,0,6,6580000,Home
54,1325269,5,3,1,10,7110000,Health
29,1792439,5,3,4,10,5820000,Home
41,1962876,3,1,3,10,13170000,Health
43,502388,1,2,0,5,2420000,Travel
37,1725273,3,3,0,5,7110000,Home
26,1525682,3,2,3,10,11810000,Home
40,431898,2,2,1,7,2970000,Term Life
56,562839,4,0,2,10,4400000,Home
46,972723,4,0,0,7,4160000,Motor
48,447943,2,0,3,10,3220000,Travel
36,1338964,3,2,2,9,8090000,Motor
37,277332,2,0,0,5,2190000,Term Life
40,908854,5,3,4,10,7030000,Home
60,1113818,2,3,3,10,8760000,Home
44,1555757,2,1,4,10,12070000,Travel
47,1361242,5,2,1,9,4140000,Travel
38,851336,4,0,2,10,5710000,Home
61,986360,5,3,3,10,4300000,Health
52,545184,1,2,0,6,3560000,Travel
24,1884128,2,2,0,3,14890000,Term Life
39,885401,2,0,2,9,2830000,Travel
27,997147,4,2,4,10,5820000,Travel
40,1663595,3,0,4,10,11100000,Home
32,662122,5,0,3,10,2830000,Health
47,1643700,3,0,3,10,6780000,Term Life
51,1104640,1,2,4,10,3650000,Travel
30,368147,5,2,3,10,1280000,Health
21,1444235,1,0,4,10,9080000,Term Life
35,515792,1,2,2,8,2850000,Term Life
40,745422,1,0,3,10,2350000,Motor
50,970545,5,1,4,10,7620000,Home
51,1042575,5,2,3,10,6550000,Home
51,1317699,4,2,0,7,7350000,Travel
53,688775,2,1,0,6,3010000,Travel
52,376225,3,1,1,9,2370000,Motor
34,1906349,3,1,4,10,9190000,Home
45,1235992,1,0,1,7,8050000,Health
31,1470222,5,0,4,10,9430000,Health
51,1402203,5,3,3,10,4860000,Motor
28,1652744,1,1,4,10,12470000,Home
30,924353,2,3,0,4,5020000,Travel
50,667216,3,0,3,10,3310000,Home
19,1315262,4,2,0,4,10230000,Motor
51,1099273,2,1,3,10,5710000,Motor
46,756552,5,2,4,10,5000000,Home
54,1485406,1,0,4,10,9320000,Term Life
21,640769,3,1,0,4,2450000,Home
29,385431,1,3,2,7,3070000,Term Life
43,1096317,5,3,4,10,5830000,Motor
45,1389456,1,0,2,9,6910000,Home
20,1300906,3,2,3,10,9880000,Term Life
37,838960,1,0,2,8,4740000,Health
27,500489,3,2,0,4,3270000,Travel
35,1711409,1,0,1,6,12380000,Term Life
44,1812086,1,3,1,7,7570000,Health
48,1306331,3,2,0,6,5030000,Term Life
44,1054639,1,0,1,7,3530000,Home
59,374811,2,1,0,7,2810000,Motor
18,378810,4,3,4,10,1520000,Health
23,1091123,2,3,2,7,4950000,Motor
28,829425,4,1,1,7,3670000,Term Life
51,1464192,2,0,4,10,6620000,Home
56,1085250,4,2,1,10,6880000,Motor
37,560654,1,3,3,10,4360000,Health
38,1872115,3,0,0,5,8700000,Motor
38,1160905,3,1,0,5,5850000,Motor
35,870740,5,2,4,10,5970000,Home
38,480356,4,0,3,10,2480000,Home
36,1538894,5,0,2,10,11740000,Home
21,1648653,5,3,3,10,9090000,Term Life
30,1910030,4,3,3,10,9050000,Home
35,828937,3,2,2,9,6510000,Health
